"Package"	"LibPath"	"Version"	"Priority"	"Depends"	"Imports"	"LinkingTo"	"Suggests"	"Enhances"	"License"	"License_is_FOSS"	"License_restricts_use"	"OS_type"	"MD5sum"	"NeedsCompilation"	"Built"
"abind"	"abind"	"C:/Users/Ludecan/R/win-library/4.1"	"1.4-5"	NA	"R (>= 1.5.0)"	"methods, utils"	NA	NA	NA	"LGPL (>= 2)"	NA	NA	NA	NA	"no"	"4.1.1"
"AICcmodavg"	"AICcmodavg"	"C:/Users/Ludecan/R/win-library/4.1"	"2.3-1"	NA	"R (>= 3.2.0)"	"methods, stats, graphics, lattice, MASS, Matrix, nlme, stats4,
survival, unmarked, VGAM, xtable"	NA	"betareg, coxme, fitdistrplus, glmmTMB, lavaan, lme4, maxlike,
nnet, ordinal, pscl, R2jags, R2OpenBUGS, R2WinBUGS, jagsUI,
lmerTest"	NA	"GPL (>= 2)"	NA	NA	NA	NA	"no"	"4.1.2"
"akima"	"akima"	"C:/Users/Ludecan/R/win-library/4.1"	"0.6-2.3"	NA	"R (>= 2.0.0)"	"sp"	NA	NA	NA	"ACM | file LICENSE"	NA	"yes"	NA	NA	"yes"	"4.1.2"
"alphahull"	"alphahull"	"C:/Users/Ludecan/R/win-library/4.1"	"2.2"	NA	NA	"ggplot2, tripack, R.utils, sgeostat, spatstat, splancs"	NA	NA	NA	"file LICENSE"	NA	"yes"	NA	NA	"yes"	"4.1.2"
"ape"	"ape"	"C:/Users/Ludecan/R/win-library/4.1"	"5.6-1"	NA	"R (>= 3.2.0)"	"nlme, lattice, graphics, methods, stats, tools, utils,
parallel, Rcpp (>= 0.12.0)"	"Rcpp"	"gee, expm, igraph, phangorn"	NA	"GPL-2 | GPL-3"	NA	NA	NA	NA	"yes"	"4.1.2"
"askpass"	"askpass"	"C:/Users/Ludecan/R/win-library/4.1"	"1.1"	NA	NA	"sys (>= 2.1)"	NA	"testthat"	NA	"MIT + file LICENSE"	NA	NA	NA	NA	"yes"	"4.1.2"
"assertthat"	"assertthat"	"C:/Users/Ludecan/R/win-library/4.1"	"0.2.1"	NA	NA	"tools"	NA	"testthat, covr"	NA	"GPL-3"	NA	NA	NA	NA	"no"	"4.1.2"
"automap"	"automap"	"C:/Users/Ludecan/R/win-library/4.1"	"1.0-14"	NA	"R (>= 2.10.0), sp (>= 0.9-55)"	"gstat, lattice, reshape"	NA	"ggplot2, maptools, gpclib"	NA	"GPL"	NA	NA	NA	NA	"no"	"4.1.2"
"backports"	"backports"	"C:/Users/Ludecan/R/win-library/4.1"	"1.4.1"	NA	"R (>= 3.0.0)"	NA	NA	NA	NA	"GPL-2 | GPL-3"	NA	NA	NA	NA	"yes"	"4.1.2"
"base64enc"	"base64enc"	"C:/Users/Ludecan/R/win-library/4.1"	"0.1-3"	NA	"R (>= 2.9.0)"	NA	NA	NA	"png"	"GPL-2 | GPL-3"	NA	NA	NA	NA	"yes"	"4.1.1"
"bdsmatrix"	"bdsmatrix"	"C:/Users/Ludecan/R/win-library/4.1"	"1.3-4"	NA	"methods, R (>= 2.0.0)"	NA	NA	NA	NA	"LGPL-2"	NA	NA	NA	NA	"yes"	"4.1.1"
"beeswarm"	"beeswarm"	"C:/Users/Ludecan/R/win-library/4.1"	"0.4.0"	NA	NA	"stats, graphics, grDevices, utils"	NA	NA	NA	"Artistic-2.0"	NA	NA	NA	NA	"yes"	"4.1.1"
"benchmarkme"	"benchmarkme"	"C:/Users/Ludecan/R/win-library/4.1"	"1.0.7"	NA	"R (>= 3.5.0)"	"benchmarkmeData (>= 1.0.4), compiler, doParallel, dplyr,
foreach, graphics, httr, Matrix, methods, parallel, tibble,
utils"	NA	"covr, DT, ggplot2, knitr, RcppZiggurat, rmarkdown, testthat"	NA	"GPL-2 | GPL-3"	NA	NA	NA	NA	"no"	"4.1.2"
"benchmarkmeData"	"benchmarkmeData"	"C:/Users/Ludecan/R/win-library/4.1"	"1.0.4"	NA	"R (>= 3.5.0)"	"dplyr, graphics, tibble, utils"	NA	"benchmarkme, covr, DT, testthat"	NA	"GPL-2 | GPL-3"	NA	NA	NA	NA	"no"	"4.1.2"
"betareg"	"betareg"	"C:/Users/Ludecan/R/win-library/4.1"	"3.1-4"	NA	"R (>= 3.0.0)"	"graphics, grDevices, methods, stats, flexmix, Formula, lmtest,
modeltools, sandwich"	NA	"car, lattice, partykit, strucchange"	NA	"GPL-2 | GPL-3"	NA	NA	NA	NA	"no"	"4.1.2"
"BH"	"BH"	"C:/Users/Ludecan/R/win-library/4.1"	"1.78.0-0"	NA	NA	NA	NA	NA	NA	"BSL-1.0"	NA	NA	NA	NA	"no"	"4.1.2"
"biglm"	"biglm"	"C:/Users/Ludecan/R/win-library/4.1"	"0.9-2.1"	NA	"DBI, methods"	NA	NA	"RSQLite, RODBC"	"leaps"	"GPL"	NA	NA	NA	NA	"yes"	"4.1.2"
"bit"	"bit"	"C:/Users/Ludecan/R/win-library/4.1"	"4.0.4"	NA	"R (>= 2.9.2)"	NA	NA	"testthat (>= 0.11.0), roxygen2, knitr, rmarkdown,
microbenchmark, bit64 (>= 4.0.0), ff (>= 4.0.0)"	NA	"GPL-2 | GPL-3"	NA	NA	NA	NA	"yes"	"4.1.2"
"bit64"	"bit64"	"C:/Users/Ludecan/R/win-library/4.1"	"4.0.5"	NA	"R (>= 3.0.1), bit (>= 4.0.0), utils, methods, stats"	NA	NA	NA	NA	"GPL-2 | GPL-3"	NA	NA	NA	NA	"yes"	"4.1.2"
"bitops"	"bitops"	"C:/Users/Ludecan/R/win-library/4.1"	"1.0-7"	NA	NA	NA	NA	NA	NA	"GPL (>= 2)"	NA	NA	NA	NA	"yes"	"4.1.1"
"blob"	"blob"	"C:/Users/Ludecan/R/win-library/4.1"	"1.2.2"	NA	NA	"methods, rlang, vctrs (>= 0.2.1)"	NA	"covr, crayon, pillar (>= 1.2.1), testthat"	NA	"MIT + file LICENSE"	NA	NA	NA	NA	"no"	"4.1.2"
"bold"	"bold"	"C:/Users/Ludecan/R/win-library/4.1"	"1.2.0"	NA	NA	"xml2, crul (>= 0.3.8), stringr, jsonlite, reshape, plyr,
data.table, tibble"	NA	"sangerseqR, testthat, vcr (>= 0.5.4)"	NA	"MIT + file LICENSE"	NA	NA	NA	NA	"no"	"4.1.2"
"brew"	"brew"	"C:/Users/Ludecan/R/win-library/4.1"	"1.0-6"	NA	NA	NA	NA	NA	NA	"GPL-2"	NA	NA	NA	NA	NA	"4.1.1"
"brio"	"brio"	"C:/Users/Ludecan/R/win-library/4.1"	"1.1.3"	NA	NA	NA	NA	"covr, testthat (>= 2.1.0)"	NA	"MIT + file LICENSE"	NA	NA	NA	NA	"yes"	"4.1.2"
"broom"	"broom"	"C:/Users/Ludecan/R/win-library/4.1"	"0.7.11"	NA	"R (>= 3.1)"	"backports, dplyr (>= 1.0.0), ellipsis, generics (>= 0.0.2),
glue, methods, purrr, rlang, stringr, tibble (>= 3.0.0), tidyr
(>= 1.0.0), ggplot2"	NA	"AER, akima, AUC, bbmle, betareg, biglm, binGroup, boot,
btergm, car, caret, cluster, cmprsk, coda, covr, drc, e1071,
emmeans, epiR, ergm (>= 3.10.4), fixest (>= 0.9.0), gam (>=
1.15), gee, geepack, glmnet, glmnetUtils, gmm, Hmisc, irlba,
joineRML, Kendall, knitr, ks, Lahman, lavaan, leaps, lfe,
lm.beta, lme4, lmodel2, lmtest (>= 0.9.38), lsmeans, maps,
maptools, margins, MASS, Matrix, mclust, mediation, metafor,
mfx, mgcv, mlogit, modeldata, modeltests, muhaz, multcomp,
network, nnet, orcutt (>= 2.2), ordinal, plm, poLCA, psych,
quantreg, rgeos, rmarkdown, robust, robustbase, rsample,
sandwich, sp, spdep (>= 1.1), spatialreg, speedglm, spelling,
survey, survival, systemfit, testthat (>= 2.1.0), tseries,
vars, zoo"	NA	"MIT + file LICENSE"	NA	NA	NA	NA	"no"	"4.1.2"
"cachem"	"cachem"	"C:/Users/Ludecan/R/win-library/4.1"	"1.0.6"	NA	NA	"rlang, fastmap"	NA	"testthat"	NA	"MIT + file LICENSE"	NA	NA	NA	NA	"yes"	"4.1.2"
"Cairo"	"Cairo"	"C:/Users/Ludecan/R/win-library/4.1"	"1.5-14"	NA	"R (>= 2.4.0)"	"grDevices, graphics"	NA	"png"	"FastRWeb"	"GPL-2"	NA	NA	NA	NA	"yes"	"4.1.2"
"callr"	"callr"	"C:/Users/Ludecan/R/win-library/4.1"	"3.7.0"	NA	NA	"processx (>= 3.5.0), R6, utils"	NA	"cli, covr, ps, rprojroot, spelling, testthat, withr (>=
2.3.0)"	NA	"MIT + file LICENSE"	NA	NA	NA	NA	"no"	"4.1.2"
"car"	"car"	"C:/Users/Ludecan/R/win-library/4.1"	"3.0-12"	NA	"R (>= 3.5.0), carData (>= 3.0-0)"	"abind, MASS, mgcv, nnet, pbkrtest (>= 0.4-4), quantreg,
grDevices, utils, stats, graphics, maptools, lme4 (>=
1.1-27.1), nlme"	NA	"alr4, boot, coxme, effects, knitr, leaps, lmtest, Matrix,
MatrixModels, rgl (>= 0.93.960), rio, sandwich, SparseM,
survival, survey"	NA	"GPL (>= 2)"	NA	NA	NA	NA	"no"	"4.1.2"
"carData"	"carData"	"C:/Users/Ludecan/R/win-library/4.1"	"3.0-5"	NA	"R (>= 3.5.0)"	NA	NA	"car (>= 3.0-0)"	NA	"GPL (>= 2)"	NA	NA	NA	NA	"no"	"4.1.2"
"caret"	"caret"	"C:/Users/Ludecan/R/win-library/4.1"	"6.0-90"	NA	"ggplot2, lattice (>= 0.20), R (>= 3.2.0)"	"e1071, foreach, grDevices, methods, ModelMetrics (>= 1.2.2.2),
nlme, plyr, pROC, recipes (>= 0.1.10), reshape2, stats, stats4,
utils, withr (>= 2.0.0)"	NA	"BradleyTerry2, covr, Cubist, dplyr, earth (>= 2.2-3),
ellipse, fastICA, gam (>= 1.15), ipred, kernlab, klaR, knitr,
MASS, Matrix, mda, mgcv, mlbench, MLmetrics, nnet, pamr, party
(>= 0.9-99992), pls, proxy, randomForest, RANN, rmarkdown,
rpart, spls, subselect, superpc, testthat (>= 0.9.1), themis
(>= 0.1.3)"	NA	"GPL (>= 2)"	NA	NA	NA	NA	"yes"	"4.1.2"
"catdata"	"catdata"	"C:/Users/Ludecan/R/win-library/4.1"	"1.2.2"	NA	"MASS"	NA	NA	"rms, qvcalc, glmmML, nnet, pscl, VGAM, gee, mlogit, Ecdat,
geepack, mgcv, rpart, party, ordinal, lme4, vcdExtra, glmnet,
mboost, class, e1071, flexmix, lpSolve, GAMBoost, penalized"	NA	"GPL-2"	NA	NA	NA	NA	"no"	"4.1.2"
"caTools"	"caTools"	"C:/Users/Ludecan/R/win-library/4.1"	"1.18.2"	NA	"R (>= 3.6.0)"	"bitops"	NA	"MASS, rpart"	NA	"GPL-3"	NA	NA	NA	NA	"yes"	"4.1.2"
"checkmate"	"checkmate"	"C:/Users/Ludecan/R/win-library/4.1"	"2.0.0"	NA	"R (>= 3.0.0)"	"backports (>= 1.1.0), utils"	NA	"R6, fastmatch, data.table (>= 1.9.8), devtools, ggplot2,
knitr, magrittr, microbenchmark, rmarkdown, testthat (>=
0.11.0), tinytest (>= 1.1.0), tibble"	NA	"BSD_3_clause + file LICENSE"	NA	NA	NA	NA	"yes"	"4.1.2"
"classInt"	"classInt"	"C:/Users/Ludecan/R/win-library/4.1"	"0.4-3"	NA	"R (>= 2.2)"	"grDevices, stats, graphics, e1071, class, KernSmooth"	NA	"spData (>= 0.2.6.2), units, knitr, rmarkdown"	NA	"GPL (>= 2)"	NA	NA	NA	NA	"yes"	"4.1.2"
"cli"	"cli"	"C:/Users/Ludecan/R/win-library/4.1"	"3.1.0"	NA	"R (>= 2.10)"	"glue, utils"	NA	"asciicast, callr, covr, grDevices, htmltools, htmlwidgets,
knitr, methods, mockery, processx, ps (>= 1.3.4.9000), rlang,
rmarkdown, rstudioapi, shiny, testthat, tibble, whoami, withr"	NA	"MIT + file LICENSE"	NA	NA	NA	NA	"yes"	"4.1.2"
"clipr"	"clipr"	"C:/Users/Ludecan/R/win-library/4.1"	"0.7.1"	NA	NA	"utils"	NA	"covr, knitr, rmarkdown, rstudioapi (>= 0.5), testthat (>=
2.0.0)"	NA	"GPL-3"	NA	NA	NA	NA	"no"	"4.1.2"
"coda"	"coda"	"C:/Users/Ludecan/R/win-library/4.1"	"0.19-4"	NA	"R (>= 2.14.0)"	"lattice"	NA	NA	NA	"GPL (>= 2)"	NA	NA	NA	NA	"no"	"4.1.2"
"colorspace"	"colorspace"	"C:/Users/Ludecan/R/win-library/4.1"	"2.0-2"	NA	"R (>= 3.0.0), methods"	"graphics, grDevices, stats"	NA	"datasets, utils, KernSmooth, MASS, kernlab, mvtnorm, vcd,
tcltk, shiny, shinyjs, ggplot2, dplyr, scales, grid, png, jpeg,
knitr, rmarkdown, RColorBrewer, rcartocolor, scico, viridis,
wesanderson"	NA	"BSD_3_clause + file LICENSE"	NA	NA	NA	NA	"yes"	"4.1.2"
"commonmark"	"commonmark"	"C:/Users/Ludecan/R/win-library/4.1"	"1.7"	NA	NA	NA	NA	"curl, testthat, xml2"	NA	"BSD_2_clause + file LICENSE"	NA	NA	NA	NA	"yes"	"4.1.2"
"conditionz"	"conditionz"	"C:/Users/Ludecan/R/win-library/4.1"	"0.1.0"	NA	"R(>= 3.2.1)"	"R6, uuid"	NA	"testthat"	NA	"MIT + file LICENSE"	NA	NA	NA	NA	"no"	"4.1.2"
"conquer"	"conquer"	"C:/Users/Ludecan/R/win-library/4.1"	"1.2.1"	NA	"R (>= 3.5.0)"	"Rcpp (>= 1.0.3), Matrix, matrixStats, stats, caret"	"Rcpp, RcppArmadillo (>= 0.9.850.1.0)"	NA	NA	"GPL-3"	NA	NA	NA	NA	"yes"	"4.1.2"
"covr"	"covr"	"C:/Users/Ludecan/R/win-library/4.1"	"3.5.1"	NA	"R (>= 3.1.0), methods"	"digest, stats, utils, jsonlite, rex, httr, crayon, withr (>=
1.0.2), yaml"	NA	"R6, curl, knitr, rmarkdown, htmltools, DT (>= 0.2), testthat,
rlang, rstudioapi (>= 0.2), xml2 (>= 1.0.0), parallel, memoise,
mockery"	NA	"GPL-3"	NA	NA	NA	NA	"yes"	"4.1.2"
"coxme"	"coxme"	"C:/Users/Ludecan/R/win-library/4.1"	"2.2-16"	"optional"	"survival (>= 2.36.14), methods, bdsmatrix(>= 1.3), R(>= 2.10)"	"nlme, Matrix (>= 1.0)"	"bdsmatrix"	"mvtnorm, kinship2"	NA	"LGPL-2"	NA	NA	NA	NA	"yes"	"4.1.2"
"crayon"	"crayon"	"C:/Users/Ludecan/R/win-library/4.1"	"1.4.2"	NA	NA	"grDevices, methods, utils"	NA	"mockery, rstudioapi, testthat, withr"	NA	"MIT + file LICENSE"	NA	NA	NA	NA	"no"	"4.1.2"
"credentials"	"credentials"	"C:/Users/Ludecan/R/win-library/4.1"	"1.3.2"	NA	NA	"openssl (>= 1.3), sys (>= 2.1), curl, jsonlite, askpass"	NA	"testthat, knitr, rmarkdown"	NA	"MIT + file LICENSE"	NA	NA	NA	NA	"no"	"4.1.2"
"crosstalk"	"crosstalk"	"C:/Users/Ludecan/R/win-library/4.1"	"1.2.0"	NA	NA	"htmltools (>= 0.3.6), jsonlite, lazyeval, R6"	NA	"shiny, ggplot2, testthat (>= 2.1.0), sass, bslib"	NA	"MIT + file LICENSE"	NA	NA	NA	NA	"no"	"4.1.2"
"crul"	"crul"	"C:/Users/Ludecan/R/win-library/4.1"	"1.2.0"	NA	NA	"curl (>= 3.3), R6 (>= 2.2.0), urltools (>= 1.6.0), httpcode
(>= 0.2.0), jsonlite, mime"	NA	"testthat, roxygen2 (>= 7.1.1), fauxpas (>= 0.1.0), webmockr
(>= 0.1.0), knitr, rmarkdown"	NA	"MIT + file LICENSE"	NA	NA	NA	NA	"no"	"4.1.2"
"curl"	"curl"	"C:/Users/Ludecan/R/win-library/4.1"	"4.3.2"	NA	"R (>= 3.0.0)"	NA	NA	"spelling, testthat (>= 1.0.0), knitr, jsonlite, rmarkdown,
magrittr, httpuv (>= 1.4.4), webutils"	NA	"MIT + file LICENSE"	NA	NA	NA	NA	"yes"	"4.1.2"
"data.table"	"data.table"	"C:/Users/Ludecan/R/win-library/4.1"	"1.14.2"	NA	"R (>= 3.1.0)"	"methods"	NA	"bit64 (>= 4.0.0), bit (>= 4.0.4), curl, R.utils, xts,
nanotime, zoo (>= 1.8-1), yaml, knitr, rmarkdown"	NA	"MPL-2.0 | file LICENSE"	NA	NA	NA	NA	"yes"	"4.1.2"
"DBI"	"DBI"	"C:/Users/Ludecan/R/win-library/4.1"	"1.1.2"	NA	"methods, R (>= 3.0.0)"	NA	NA	"blob, covr, DBItest, dbplyr, downlit, dplyr, glue, hms,
knitr, magrittr, RMariaDB, rmarkdown, rprojroot, RSQLite (>=
1.1-2), testthat, xml2"	NA	"LGPL (>= 2.1)"	NA	NA	NA	NA	"no"	"4.1.2"
"deldir"	"deldir"	"C:/Users/Ludecan/R/win-library/4.1"	"1.0-6"	NA	"R (>= 3.5.0)"	"graphics, grDevices"	NA	"polyclip"	NA	"GPL (>= 2)"	NA	NA	NA	NA	"yes"	"4.1.1"
"DEoptimR"	"DEoptimR"	"C:/Users/Ludecan/R/win-library/4.1"	"1.0-10"	NA	NA	"stats"	NA	NA	"robustbase"	"GPL (>= 2)"	NA	NA	NA	NA	"no"	"4.1.2"
"desc"	"desc"	"C:/Users/Ludecan/R/win-library/4.1"	"1.4.0"	NA	"R (>= 3.1.0)"	"utils, R6, crayon, rprojroot"	NA	"covr, testthat, whoami, withr, spelling, gh"	NA	"MIT + file LICENSE"	NA	NA	NA	NA	"no"	"4.1.2"
"devEMF"	"devEMF"	"C:/Users/Ludecan/R/win-library/4.1"	"4.0-2"	NA	"R (>= 2.10.1)"	NA	NA	NA	NA	"GPL-3"	NA	NA	NA	NA	"yes"	"4.1.1"
"devtools"	"devtools"	"C:/Users/Ludecan/R/win-library/4.1"	"2.4.3"	NA	"R (>= 3.0.2), usethis (>= 2.0.1)"	"callr (>= 3.6.0), cli (>= 3.0.0), desc (>= 1.3.0), ellipsis
(>= 0.3.1), fs (>= 1.5.0), httr (>= 1.4.2), lifecycle (>=
1.0.0), memoise (>= 2.0.0), pkgbuild (>= 1.2.0), pkgload (>=
1.2.1), rcmdcheck (>= 1.3.3), remotes (>= 2.3.0), rlang (>=
0.4.10), roxygen2 (>= 7.1.1), rstudioapi (>= 0.13), rversions
(>= 2.0.2), sessioninfo (>= 1.1.1), stats, testthat (>= 3.0.2),
tools, utils, withr (>= 2.4.1)"	NA	"BiocManager (>= 1.30.12), covr (>= 3.5.1), curl (>= 4.3),
digest (>= 0.6.27), DT (>= 0.17), foghorn (>= 1.3.2), gh (>=
1.2.1), gmailr (>= 1.0.0), knitr (>= 1.31), lintr (>= 2.0.1),
MASS, mockery (>= 0.4.2), pingr (>= 2.0.1), pkgdown (>= 1.6.1),
rhub (>= 1.1.1), rmarkdown (>= 2.7), spelling (>= 2.2)"	NA	"MIT + file LICENSE"	NA	NA	NA	NA	"no"	"4.1.2"
"diffobj"	"diffobj"	"C:/Users/Ludecan/R/win-library/4.1"	"0.3.5"	NA	"R (>= 3.1.0)"	"crayon (>= 1.3.2), tools, methods, utils, stats"	NA	"knitr, rmarkdown"	NA	"GPL-2 | GPL-3"	NA	NA	NA	NA	"yes"	"4.1.2"
"digest"	"digest"	"C:/Users/Ludecan/R/win-library/4.1"	"0.6.29"	NA	"R (>= 3.3.0)"	"utils"	NA	"tinytest, simplermarkdown"	NA	"GPL (>= 2)"	NA	NA	NA	NA	"yes"	"4.1.2"
"directlabels"	"directlabels"	"C:/Users/Ludecan/R/win-library/4.1"	"2021.1.13"	NA	NA	"grid, quadprog"	NA	"MASS, knitr, markdown, inlinedocs, RColorBrewer, ggplot2 (>=
2.0), rlang, lattice, alphahull, nlme, lars, latticeExtra,
dplyr, ggthemes, testthat"	NA	"GPL-3"	NA	NA	NA	NA	"no"	"4.1.2"
"doParallel"	"doParallel"	"C:/Users/Ludecan/R/win-library/4.1"	"1.0.16"	NA	"R (>= 2.14.0), foreach(>= 1.2.0), iterators(>= 1.0.0),
parallel, utils"	NA	NA	"caret, mlbench, rpart, RUnit"	"compiler"	"GPL-2"	NA	NA	NA	NA	"no"	"4.1.2"
"doRNG"	"doRNG"	"C:/Users/Ludecan/R/win-library/4.1"	"1.8.2"	NA	"R (>= 3.0.0), foreach, rngtools (>= 1.5)"	"stats, utils, iterators"	NA	"doParallel, doMPI, doRedis, rbenchmark, devtools, knitr,
bibtex, testthat, pkgmaker (>= 0.31)"	NA	"GPL (>= 2)"	NA	NA	NA	NA	"no"	"4.1.2"
"dotCall64"	"dotCall64"	"C:/Users/Ludecan/R/win-library/4.1"	"1.0-1"	NA	"R (>= 3.1)"	NA	NA	"microbenchmark, OpenMPController, RColorBrewer, roxygen2,
spam, testthat,"	NA	"GPL (>= 2)"	NA	NA	NA	NA	"yes"	"4.1.2"
"dplyr"	"dplyr"	"C:/Users/Ludecan/R/win-library/4.1"	"1.0.7"	NA	"R (>= 3.3.0)"	"ellipsis, generics, glue (>= 1.3.2), lifecycle (>= 1.0.0),
magrittr (>= 1.5), methods, R6, rlang (>= 0.4.10), tibble (>=
2.1.3), tidyselect (>= 1.1.0), utils, vctrs (>= 0.3.5), pillar
(>= 1.5.1)"	NA	"bench, broom, callr, covr, DBI, dbplyr (>= 1.4.3), knitr,
Lahman, lobstr, microbenchmark, nycflights13, purrr, rmarkdown,
RMySQL, RPostgreSQL, RSQLite, testthat (>= 3.0.2), tidyr, withr"	NA	"MIT + file LICENSE"	NA	NA	NA	NA	"yes"	"4.1.2"
"DT"	"DT"	"C:/Users/Ludecan/R/win-library/4.1"	"0.20"	NA	NA	"htmltools (>= 0.3.6), htmlwidgets (>= 1.3), jsonlite (>=
0.9.16), magrittr, crosstalk, jquerylib, promises"	NA	"knitr (>= 1.8), rmarkdown, shiny (>= 1.6), bslib, testit"	NA	"GPL-3 | file LICENSE"	NA	NA	NA	NA	"no"	"4.1.2"
"e1071"	"e1071"	"C:/Users/Ludecan/R/win-library/4.1"	"1.7-9"	NA	NA	"graphics, grDevices, class, stats, methods, utils, proxy"	NA	"cluster, mlbench, nnet, randomForest, rpart, SparseM, xtable,
Matrix, MASS, slam"	NA	"GPL-2 | GPL-3"	NA	NA	NA	NA	"yes"	"4.1.2"
"ellipsis"	"ellipsis"	"C:/Users/Ludecan/R/win-library/4.1"	"0.3.2"	NA	"R (>= 3.2)"	"rlang (>= 0.3.0)"	NA	"covr, testthat"	NA	"MIT + file LICENSE"	NA	NA	NA	NA	"yes"	"4.1.2"
"equate"	"equate"	"C:/Users/Ludecan/R/win-library/4.1"	"2.0.7"	NA	"R (>= 3.4.0)"	"utils, grDevices, graphics, stats"	NA	NA	NA	"GPL-3"	NA	NA	NA	NA	"no"	"4.1.1"
"evaluate"	"evaluate"	"C:/Users/Ludecan/R/win-library/4.1"	"0.14"	NA	"R (>= 3.0.2)"	"methods"	NA	"testthat, lattice, ggplot2"	NA	"MIT + file LICENSE"	NA	NA	NA	NA	"no"	"4.1.2"
"evd"	"evd"	"C:/Users/Ludecan/R/win-library/4.1"	"2.3-3"	NA	NA	"stats, grDevices, graphics"	NA	"akima"	NA	"GPL-3"	NA	NA	NA	NA	"yes"	"4.1.2"
"fansi"	"fansi"	"C:/Users/Ludecan/R/win-library/4.1"	"0.5.0"	NA	"R (>= 3.1.0)"	"grDevices, utils"	NA	"unitizer, knitr, rmarkdown"	NA	"GPL (>= 2)"	NA	NA	NA	NA	"yes"	"4.1.2"
"farver"	"farver"	"C:/Users/Ludecan/R/win-library/4.1"	"2.1.0"	NA	NA	NA	NA	"testthat (>= 2.1.0), covr"	NA	"MIT + file LICENSE"	NA	NA	NA	NA	"yes"	"4.1.2"
"fastmap"	"fastmap"	"C:/Users/Ludecan/R/win-library/4.1"	"1.1.0"	NA	NA	NA	NA	"testthat (>= 2.1.1)"	NA	"MIT + file LICENSE"	NA	NA	NA	NA	"yes"	"4.1.2"
"fastmatch"	"fastmatch"	"C:/Users/Ludecan/R/win-library/4.1"	"1.1-3"	NA	"R (>= 2.3.0)"	NA	NA	NA	NA	"GPL-2"	NA	NA	NA	NA	"yes"	"4.1.1"
"fields"	"fields"	"C:/Users/Ludecan/R/win-library/4.1"	"13.3"	NA	"R (>= 3.0), methods, spam, viridis"	"maps"	NA	NA	NA	"GPL (>= 2)"	NA	NA	NA	NA	"yes"	"4.1.2"
"fit.models"	"fit.models"	"C:/Users/Ludecan/R/win-library/4.1"	"0.64"	NA	NA	"lattice, stats"	NA	"MASS"	NA	"GPL"	NA	NA	NA	NA	"no"	"4.1.2"
"fitdistrplus"	"fitdistrplus"	"C:/Users/Ludecan/R/win-library/4.1"	"1.1-6"	NA	"R (>= 3.5.0), MASS, grDevices, survival, methods"	"stats"	NA	"actuar, rgenoud, mc2d, gamlss.dist, knitr, ggplot2,
GeneralizedHyperbolic, rmarkdown, Hmisc"	NA	"GPL (>= 2)"	NA	NA	NA	NA	"no"	"4.1.2"
"flexmix"	"flexmix"	"C:/Users/Ludecan/R/win-library/4.1"	"2.3-17"	NA	"R (>= 2.15.0), lattice"	"graphics, grid, grDevices, methods, modeltools (>= 0.2-16),
nnet, stats, stats4, utils"	NA	"actuar, codetools, diptest, Ecdat, ellipse, gclus, glmnet,
lme4 (>= 1.1), MASS, mgcv (>= 1.8-0), mlbench, multcomp,
mvtnorm, SuppDists, survival"	NA	"GPL (>= 2)"	NA	NA	NA	NA	"no"	"4.1.2"
"float"	"float"	"C:/Users/Ludecan/R/win-library/4.1"	"0.2-6"	NA	"R (>= 3.6.0), methods"	"utils, tools"	NA	NA	NA	"BSD 2-clause License + file LICENSE"	NA	NA	NA	NA	"yes"	"4.1.1"
"FNN"	"FNN"	"C:/Users/Ludecan/R/win-library/4.1"	"1.1.3"	NA	"R (>= 3.0.0)"	NA	NA	"chemometrics, mvtnorm"	NA	"GPL (>= 2)"	NA	NA	NA	NA	"yes"	"4.1.2"
"forcats"	"forcats"	"C:/Users/Ludecan/R/win-library/4.1"	"0.5.1"	NA	"R (>= 3.2)"	"ellipsis, magrittr, rlang, tibble"	NA	"covr, dplyr, ggplot2, knitr, readr, rmarkdown, testthat"	NA	"MIT + file LICENSE"	NA	NA	NA	NA	"no"	"4.1.2"
"foreach"	"foreach"	"C:/Users/Ludecan/R/win-library/4.1"	"1.5.1"	NA	"R (>= 2.5.0)"	"codetools, utils, iterators"	NA	"randomForest, doMC, doParallel, testthat, knitr, rmarkdown"	NA	"Apache License (== 2.0)"	NA	NA	NA	NA	"no"	"4.1.2"
"Formula"	"Formula"	"C:/Users/Ludecan/R/win-library/4.1"	"1.2-4"	NA	"R (>= 2.0.0), stats"	NA	NA	NA	NA	"GPL-2 | GPL-3"	NA	NA	NA	NA	"no"	"4.1.1"
"fs"	"fs"	"C:/Users/Ludecan/R/win-library/4.1"	"1.5.2"	NA	"R (>= 3.1)"	"methods"	NA	"testthat, covr, pillar (>= 1.0.0), tibble (>= 1.1.0), crayon,
rmarkdown, knitr, withr, spelling, vctrs (>= 0.3.0)"	NA	"MIT + file LICENSE"	NA	NA	NA	NA	"yes"	"4.1.2"
"future"	"future"	"C:/Users/Ludecan/R/win-library/4.1"	"1.23.0"	NA	NA	"digest, globals (>= 0.14.0), listenv (>= 0.8.0), parallel,
parallelly (>= 1.26.1), tools, utils"	NA	"RhpcBLASctl, R.rsp, markdown"	NA	"LGPL (>= 2.1)"	NA	NA	NA	NA	"no"	"4.1.2"
"future.apply"	"future.apply"	"C:/Users/Ludecan/R/win-library/4.1"	"1.8.1"	NA	"R (>= 3.2.0), future (>= 1.21.0)"	"globals (>= 0.14.0), parallel, utils"	NA	"datasets, stats, tools, listenv (>= 0.8.0), R.rsp, markdown"	NA	"GPL (>= 2)"	NA	NA	NA	NA	"no"	"4.1.2"
"generics"	"generics"	"C:/Users/Ludecan/R/win-library/4.1"	"0.1.1"	NA	"R (>= 3.2)"	"methods"	NA	"covr, pkgload, testthat (>= 3.0.0), tibble, withr"	NA	"MIT + file LICENSE"	NA	NA	NA	NA	"no"	"4.1.2"
"geojsonsf"	"geojsonsf"	"C:/Users/Ludecan/R/win-library/4.1"	"2.0.1"	NA	"R (>= 3.3.0)"	"Rcpp"	"geometries, jsonify (>= 1.1.1), rapidjsonr (>= 1.2.0), Rcpp,
sfheaders (>= 0.2.2)"	"covr, jsonify, knitr, rmarkdown, tinytest"	NA	"MIT + file LICENSE"	NA	NA	NA	NA	"yes"	"4.1.2"
"gert"	"gert"	"C:/Users/Ludecan/R/win-library/4.1"	"1.5.0"	NA	NA	"askpass, credentials (>= 1.2.1), openssl (>= 1.4.1),
rstudioapi (>= 0.11), sys, zip (>= 2.1.0)"	NA	"spelling, knitr, rmarkdown, testthat"	NA	"MIT + file LICENSE"	NA	NA	NA	NA	"yes"	"4.1.2"
"GGally"	"GGally"	"C:/Users/Ludecan/R/win-library/4.1"	"2.1.2"	NA	"R (>= 3.1), ggplot2 (>= 3.3.4)"	"dplyr (>= 1.0.0), forcats, grDevices, grid, gtable (>= 0.2.0),
lifecycle, plyr (>= 1.8.3), progress, RColorBrewer, reshape (>=
0.8.5), rlang, scales (>= 1.1.0), tidyr, utils"	NA	"broom (>= 0.7.0), broom.helpers (>= 1.1.0), chemometrics,
geosphere (>= 1.5-1), ggforce, Hmisc, igraph (>= 1.0.1),
intergraph (>= 2.0-2), labelled, maps (>= 3.1.0), mapproj,
nnet, network (>= 1.17.1), scagnostics, sna (>= 2.3-2),
survival, rmarkdown, roxygen2, testthat, crosstalk, knitr,
spelling, emmeans"	NA	"GPL (>= 2.0)"	NA	NA	NA	NA	"no"	"4.1.2"
"ggbeeswarm"	"ggbeeswarm"	"C:/Users/Ludecan/R/win-library/4.1"	"0.6.0"	NA	"R (>= 3.0.0), ggplot2 (>= 2.0)"	"beeswarm, vipor"	NA	"gridExtra"	NA	"GPL (>= 2)"	NA	NA	NA	NA	"no"	"4.1.2"
"ggplot2"	"ggplot2"	"C:/Users/Ludecan/R/win-library/4.1"	"3.3.5"	NA	"R (>= 3.3)"	"digest, glue, grDevices, grid, gtable (>= 0.1.1), isoband,
MASS, mgcv, rlang (>= 0.4.10), scales (>= 0.5.0), stats,
tibble, withr (>= 2.0.0)"	NA	"covr, ragg, dplyr, ggplot2movies, hexbin, Hmisc, interp,
knitr, lattice, mapproj, maps, maptools, multcomp, munsell,
nlme, profvis, quantreg, RColorBrewer, rgeos, rmarkdown, rpart,
sf (>= 0.7-3), svglite (>= 1.2.0.9001), testthat (>= 2.1.0),
vdiffr (>= 1.0.0), xml2"	"sp"	"MIT + file LICENSE"	NA	NA	NA	NA	"no"	"4.1.2"
"ggrepel"	"ggrepel"	"C:/Users/Ludecan/R/win-library/4.1"	"0.9.1"	NA	"R (>= 3.0.0), ggplot2 (>= 2.2.0)"	"grid, Rcpp, rlang (>= 0.3.0), scales (>= 0.5.0)"	"Rcpp"	"knitr, rmarkdown, testthat, gridExtra, devtools, prettydoc,
ggbeeswarm, dplyr, magrittr, readr, stringr"	NA	"GPL-3 | file LICENSE"	NA	NA	NA	NA	"yes"	"4.1.2"
"ggthemes"	"ggthemes"	"C:/Users/Ludecan/R/win-library/4.1"	"4.2.4"	NA	"R (>= 3.3.0)"	"ggplot2 (>= 3.0.0), graphics, grid, methods, purrr, scales,
stringr, tibble"	NA	"dplyr, covr, extrafont, glue, knitr, lattice, lintr, maps,
mapproj, pander, rlang, rmarkdown, spelling, testthat, tidyr,
vdiffr, withr"	NA	"GPL-2"	NA	NA	NA	NA	"no"	"4.1.2"
"gh"	"gh"	"C:/Users/Ludecan/R/win-library/4.1"	"1.3.0"	NA	NA	"cli (>= 2.0.1), gitcreds, httr (>= 1.2), ini, jsonlite"	NA	"covr, knitr, mockery, rmarkdown, rprojroot, spelling,
testthat (>= 2.3.2), withr"	NA	"MIT + file LICENSE"	NA	NA	NA	NA	"no"	"4.1.2"
"gitcreds"	"gitcreds"	"C:/Users/Ludecan/R/win-library/4.1"	"0.1.1"	NA	NA	NA	NA	"codetools, testthat, knitr, mockery, oskeyring, rmarkdown,
withr"	NA	"MIT + file LICENSE"	NA	NA	NA	NA	"no"	"4.1.2"
"glmmTMB"	"glmmTMB"	"C:/Users/Ludecan/R/win-library/4.1"	"1.1.2.3"	NA	"R (>= 3.2.0)"	"methods, TMB (>= 1.7.14), lme4 (>= 1.1-18.9000), Matrix, nlme,
numDeriv"	"TMB, RcppEigen"	"knitr, rmarkdown, testthat, MASS, lattice, ggplot2 (>=
2.2.1), mlmRev, bbmle (>= 1.0.19), pscl, coda, reshape2, car
(>= 3.0.6), emmeans (>= 1.4), estimability, DHARMa, multcomp,
MuMIn, effects (>= 4.0-1), dotwhisker, broom, broom.mixed,
plyr, png, boot, texreg, xtable, huxtable, mvabund"	NA	"AGPL-3"	NA	NA	NA	NA	"yes"	"4.1.2"
"glmnet"	"glmnet"	"C:/Users/Ludecan/R/win-library/4.1"	"4.1-3"	NA	"R (>= 3.6.0), Matrix (>= 1.0-6)"	"methods, utils, foreach, shape, survival, Rcpp"	"RcppEigen, Rcpp"	"knitr, lars, testthat, xfun, rmarkdown"	NA	"GPL-2"	NA	NA	NA	NA	"yes"	"4.1.2"
"globals"	"globals"	"C:/Users/Ludecan/R/win-library/4.1"	"0.14.0"	NA	"R (>= 3.1.2)"	"codetools"	NA	NA	NA	"LGPL (>= 2.1)"	NA	NA	NA	NA	"no"	"4.1.1"
"glue"	"glue"	"C:/Users/Ludecan/R/win-library/4.1"	"1.6.0"	NA	"R (>= 3.4)"	"methods"	NA	"covr, crayon, DBI, dplyr, forcats, ggplot2, knitr, magrittr,
microbenchmark, R.utils, rmarkdown, rprintf, RSQLite, stringr,
testthat, vctrs (>= 0.3.0), waldo, withr"	NA	"MIT + file LICENSE"	NA	NA	NA	NA	"yes"	"4.1.2"
"goftest"	"goftest"	"C:/Users/Ludecan/R/win-library/4.1"	"1.2-3"	NA	"R (>= 3.3)"	"stats"	NA	NA	NA	"GPL (>= 2)"	NA	NA	NA	NA	"yes"	"4.1.1"
"gower"	"gower"	"C:/Users/Ludecan/R/win-library/4.1"	"0.2.2"	NA	NA	NA	NA	"tinytest (>= 0.9.3),"	NA	"GPL-3"	NA	NA	NA	NA	"yes"	"4.1.1"
"gpclib"	"gpclib"	"C:/Users/Ludecan/R/win-library/4.1"	"1.5-6"	NA	"R (>= 3.0.0), methods"	"graphics"	NA	NA	NA	"file LICENSE"	NA	"yes"	NA	NA	"yes"	"4.1.1"
"gplots"	"gplots"	"C:/Users/Ludecan/R/win-library/4.1"	"3.1.1"	NA	"R (>= 3.0)"	"gtools, stats, caTools, KernSmooth"	NA	"grid, MASS, knitr"	NA	"GPL-2"	NA	NA	NA	NA	"no"	"4.1.2"
"gridBase"	"gridBase"	"C:/Users/Ludecan/R/win-library/4.1"	"0.4-7"	NA	"R (>= 2.3.0)"	"graphics, grid"	NA	"lattice"	NA	"GPL"	NA	NA	NA	NA	"no"	"4.1.2"
"gridExtra"	"gridExtra"	"C:/Users/Ludecan/R/win-library/4.1"	"2.3"	NA	NA	"gtable, grid, grDevices, graphics, utils"	NA	"ggplot2, egg, lattice, knitr, testthat"	NA	"GPL (>= 2)"	NA	NA	NA	NA	"no"	"4.1.2"
"gstat"	"gstat"	"C:/Users/Ludecan/R/win-library/4.1"	"2.0-8"	NA	"R (>= 2.10)"	"utils, stats, graphics, methods, lattice, sp (>= 0.9-72), zoo,
spacetime (>= 1.0-0), FNN"	NA	"fields, maps, mapdata, maptools, rgdal (>= 0.5.2), rgeos, sf
(>= 0.7-2), stars (>= 0.3-0), xts, raster, future, future.apply"	NA	"GPL (>= 2.0)"	NA	NA	NA	NA	"yes"	"4.1.2"
"gtable"	"gtable"	"C:/Users/Ludecan/R/win-library/4.1"	"0.3.0"	NA	"R (>= 3.0)"	"grid"	NA	"covr, testthat, knitr, rmarkdown, ggplot2, profvis"	NA	"GPL-2"	NA	NA	NA	NA	"no"	"4.1.2"
"gtools"	"gtools"	"C:/Users/Ludecan/R/win-library/4.1"	"3.9.2"	NA	"methods, stats, utils"	NA	NA	"car, gplots, knitr, rstudioapi, SGP, taxize"	NA	"GPL-2"	NA	NA	NA	NA	"yes"	"4.1.2"
"hash"	"hash"	"C:/Users/Ludecan/R/win-library/4.1"	"2.2.6.1"	NA	"R (>= 2.12.0), methods, utils"	NA	NA	"testthat"	NA	"GPL (>= 2)"	NA	NA	NA	NA	"no"	"4.1.2"
"highr"	"highr"	"C:/Users/Ludecan/R/win-library/4.1"	"0.9"	NA	"R (>= 3.2.3)"	"xfun (>= 0.18)"	NA	"knitr, markdown, testit"	NA	"GPL"	NA	NA	NA	NA	"no"	"4.1.2"
"Hmisc"	"Hmisc"	"C:/Users/Ludecan/R/win-library/4.1"	"4.6-0"	NA	"lattice, survival (>= 3.1-6), Formula, ggplot2 (>= 2.2)"	"methods, latticeExtra, cluster, rpart, nnet, foreign, gtable,
grid, gridExtra, data.table, htmlTable (>= 1.11.0), viridis,
htmltools, base64enc"	NA	"acepack, chron, rms, mice, tables, knitr, plotly (>= 4.5.6),
rlang, plyr, VGAM"	NA	"GPL (>= 2)"	NA	NA	NA	NA	"yes"	"4.1.2"
"hms"	"hms"	"C:/Users/Ludecan/R/win-library/4.1"	"1.1.1"	NA	NA	"ellipsis (>= 0.3.2), lifecycle, methods, pkgconfig, rlang,
vctrs (>= 0.3.8)"	NA	"crayon, lubridate, pillar (>= 1.1.0), testthat (>= 3.0.0)"	NA	"MIT + file LICENSE"	NA	NA	NA	NA	"no"	"4.1.2"
"htmlTable"	"htmlTable"	"C:/Users/Ludecan/R/win-library/4.1"	"2.4.0"	NA	NA	"stringr, knitr (>= 1.6), magrittr (>= 1.5), methods,
checkmate, htmlwidgets, htmltools, rstudioapi (>= 0.6)"	NA	"testthat, XML, xml2, Hmisc, reshape, rmarkdown, chron,
lubridate, tibble, purrr, tidyselect, glue, rlang, tidyr (>=
0.7.2), dplyr (>= 0.7.4)"	NA	"GPL (>= 3)"	NA	NA	NA	NA	"no"	"4.1.2"
"htmltools"	"htmltools"	"C:/Users/Ludecan/R/win-library/4.1"	"0.5.2"	NA	"R (>= 2.14.1)"	"utils, digest, grDevices, base64enc, rlang (>= 0.4.10),
fastmap"	NA	"markdown, testthat, withr, Cairo, ragg, shiny"	"knitr"	"GPL (>= 2)"	NA	NA	NA	NA	"yes"	"4.1.2"
"htmlwidgets"	"htmlwidgets"	"C:/Users/Ludecan/R/win-library/4.1"	"1.5.4"	NA	NA	"grDevices, htmltools (>= 0.3), jsonlite (>= 0.9.16), yaml"	NA	"knitr (>= 1.8), rmarkdown, testthat"	"shiny (>= 1.1)"	"MIT + file LICENSE"	NA	NA	NA	NA	"no"	"4.1.2"
"httpcode"	"httpcode"	"C:/Users/Ludecan/R/win-library/4.1"	"0.3.0"	NA	NA	NA	NA	"testthat"	NA	"MIT + file LICENSE"	NA	NA	NA	NA	"no"	"4.1.2"
"httpuv"	"httpuv"	"C:/Users/Ludecan/R/win-library/4.1"	"1.6.5"	NA	"R (>= 2.15.1)"	"Rcpp (>= 1.0.7), utils, R6, promises, later (>= 0.8.0)"	"Rcpp, later"	"testthat, callr, curl, websocket"	NA	"GPL (>= 2) | file LICENSE"	NA	NA	NA	NA	"yes"	"4.1.2"
"httr"	"httr"	"C:/Users/Ludecan/R/win-library/4.1"	"1.4.2"	NA	"R (>= 3.2)"	"curl (>= 3.0.0), jsonlite, mime, openssl (>= 0.8), R6"	NA	"covr, httpuv, jpeg, knitr, png, readr, rmarkdown, testthat
(>= 0.8.0), xml2"	NA	"MIT + file LICENSE"	NA	NA	NA	NA	"no"	"4.1.2"
"igraph"	"igraph"	"C:/Users/Ludecan/R/win-library/4.1"	"1.2.11"	NA	"methods"	"graphics, grDevices, magrittr, Matrix, pkgconfig (>= 2.0.0),
stats, utils"	NA	"ape, graph, igraphdata, rgl, scales, stats4, tcltk, testthat,
withr, digest"	NA	"GPL (>= 2)"	NA	NA	NA	NA	"yes"	"4.1.2"
"ini"	"ini"	"C:/Users/Ludecan/R/win-library/4.1"	"0.3.1"	NA	NA	NA	NA	"testthat"	NA	"GPL-3"	NA	NA	NA	NA	"no"	"4.1.2"
"inline"	"inline"	"C:/Users/Ludecan/R/win-library/4.1"	"0.3.19"	NA	NA	"methods"	NA	"Rcpp (>= 0.11.0), tinytest"	NA	"LGPL"	NA	NA	NA	NA	"no"	"4.1.2"
"inlinedocs"	"inlinedocs"	"C:/Users/Ludecan/R/win-library/4.1"	"2019.12.5"	NA	"methods, utils, R (>= 2.9)"	NA	NA	"future.apply, future"	NA	"GPL-2 | GPL-3"	NA	NA	NA	NA	"no"	"4.1.2"
"intamap"	"intamap"	"C:/Users/Ludecan/R/win-library/4.1"	"1.4-9"	NA	"R (>= 2.14.0), sp (>= 0.9-0)"	"gstat (>= 0.9-36), automap, mvtnorm, MASS, evd, doParallel,
foreach, rgdal, parallel, stats, methods, grDevices, utils,
graphics"	NA	NA	"psgp"	"GPL (>= 2)"	NA	NA	NA	NA	"no"	"4.1.2"
"intervals"	"intervals"	"C:/Users/Ludecan/R/win-library/4.1"	"0.15.2"	NA	"R (>= 2.9.0)"	"utils, graphics, methods"	NA	NA	NA	"Artistic-2.0"	NA	NA	NA	NA	"yes"	"4.1.1"
"ipred"	"ipred"	"C:/Users/Ludecan/R/win-library/4.1"	"0.9-12"	NA	"R (>= 2.10)"	"rpart (>= 3.1-8), MASS, survival, nnet, class, prodlim"	NA	"mvtnorm, mlbench, TH.data, randomForest, party"	NA	"GPL (>= 2)"	NA	NA	NA	NA	"yes"	"4.1.2"
"isoband"	"isoband"	"C:/Users/Ludecan/R/win-library/4.1"	"0.2.5"	NA	NA	"grid, utils"	NA	"covr, ggplot2, knitr, magick, microbenchmark, rmarkdown, sf,
testthat, xml2"	NA	"MIT + file LICENSE"	NA	NA	NA	NA	"yes"	"4.1.2"
"iterators"	"iterators"	"C:/Users/Ludecan/R/win-library/4.1"	"1.0.13"	NA	"R (>= 2.5.0), utils"	NA	NA	"RUnit, foreach"	NA	"Apache License (== 2.0)"	NA	NA	NA	NA	"no"	"4.1.2"
"jagsUI"	"jagsUI"	"C:/Users/Ludecan/R/win-library/4.1"	"1.5.2"	NA	"R (>= 2.14.0),"	"rjags (>= 3-13), coda (>= 0.13), parallel, stats, grDevices,
graphics, utils"	NA	NA	NA	"GPL-3"	NA	NA	NA	NA	"no"	"4.1.2"
"jpeg"	"jpeg"	"C:/Users/Ludecan/R/win-library/4.1"	"0.1-9"	NA	"R (>= 2.9.0)"	NA	NA	NA	NA	"GPL-2 | GPL-3"	NA	NA	NA	NA	"yes"	"4.1.1"
"jquerylib"	"jquerylib"	"C:/Users/Ludecan/R/win-library/4.1"	"0.1.4"	NA	NA	"htmltools"	NA	"testthat"	NA	"MIT + file LICENSE"	NA	NA	NA	NA	"no"	"4.1.2"
"jsonlite"	"jsonlite"	"C:/Users/Ludecan/R/win-library/4.1"	"1.7.2"	NA	"methods"	NA	NA	"httr, curl, plyr, testthat, knitr, rmarkdown, R.rsp, sf"	NA	"MIT + file LICENSE"	NA	NA	NA	NA	"yes"	"4.1.2"
"kernlab"	"kernlab"	"C:/Users/Ludecan/R/win-library/4.1"	"0.9-29"	NA	"R (>= 2.10)"	"methods, stats, grDevices, graphics"	NA	NA	NA	"GPL-2"	NA	NA	NA	NA	"yes"	"4.1.1"
"knitr"	"knitr"	"C:/Users/Ludecan/R/win-library/4.1"	"1.37"	NA	"R (>= 3.2.3)"	"evaluate (>= 0.10), highr, methods, stringr (>= 0.6), yaml (>=
2.1.19), xfun (>= 0.27), tools"	NA	"markdown, formatR, testit, digest, rgl (>= 0.95.1201),
codetools, rmarkdown, htmlwidgets (>= 0.7), webshot, tikzDevice
(>= 0.10), tinytex, reticulate (>= 1.4), JuliaCall (>= 0.11.1),
magick, png, jpeg, gifski, xml2 (>= 1.2.0), httr, DBI (>=
0.4-1), showtext, tibble, sass, bslib, ragg, styler (>= 1.2.0),
targets (>= 0.6.0)"	NA	"GPL"	NA	NA	NA	NA	"no"	"4.1.2"
"ks"	"ks"	"C:/Users/Ludecan/R/win-library/4.1"	"1.13.3"	NA	"R (>= 2.10.0)"	"FNN (>= 1.1), kernlab, KernSmooth (>= 2.22), Matrix, mclust,
mgcv, multicool, mvtnorm (>= 1.0-0), plot3D, pracma"	NA	"geometry, MASS, misc3d (>= 0.4-0), oz, rgl (>= 0.66)"	NA	"GPL-2 | GPL-3"	NA	NA	NA	NA	"yes"	"4.1.2"
"labeling"	"labeling"	"C:/Users/Ludecan/R/win-library/4.1"	"0.4.2"	NA	NA	"stats, graphics"	NA	NA	NA	"MIT + file LICENSE | Unlimited"	NA	NA	NA	NA	"no"	"4.1.1"
"lars"	"lars"	"C:/Users/Ludecan/R/win-library/4.1"	"1.2"	NA	"R (>= 2.10)"	NA	NA	NA	NA	"GPL-2"	NA	NA	NA	NA	"yes"	"4.1.1"
"later"	"later"	"C:/Users/Ludecan/R/win-library/4.1"	"1.3.0"	NA	NA	"Rcpp (>= 0.12.9), rlang"	"Rcpp"	"knitr, rmarkdown, testthat (>= 2.1.0)"	NA	"MIT + file LICENSE"	NA	NA	NA	NA	"yes"	"4.1.2"
"latticeExtra"	"latticeExtra"	"C:/Users/Ludecan/R/win-library/4.1"	"0.6-29"	NA	"R (>= 3.6.0), lattice"	"grid, stats, utils, grDevices, png, jpeg, RColorBrewer"	NA	"maps, mapproj, deldir, tripack, quantreg, zoo, MASS, mgcv"	NA	"GPL (>= 2)"	NA	NA	NA	NA	"no"	"4.1.2"
"lava"	"lava"	"C:/Users/Ludecan/R/win-library/4.1"	"1.6.10"	NA	"R (>= 3.0)"	"future.apply, progressr, grDevices, graphics, methods,
numDeriv, stats, survival, SQUAREM, utils"	NA	"KernSmooth, Matrix, Rgraphviz, data.table, ellipse, fields,
geepack, gof (>= 0.9), graph, knitr, bookdown, rmarkdown,
igraph (>= 0.6), lava.tobit (>= 0.4.7), lavaSearch2, lme4,
magrittr, mets (>= 1.1), nlme, optimx, polycor, quantreg, rgl,
R.rsp (>= 0.40), testthat (>= 0.11), visNetwork, zoo"	NA	"GPL-3"	NA	NA	NA	NA	"no"	"4.1.2"
"lavaan"	"lavaan"	"C:/Users/Ludecan/R/win-library/4.1"	"0.6-9"	NA	"R(>= 3.4)"	"methods, stats4, stats, utils, graphics, MASS, mnormt,
pbivnorm, numDeriv"	NA	NA	NA	"GPL (>= 2)"	NA	NA	NA	NA	"no"	"4.1.2"
"lazyeval"	"lazyeval"	"C:/Users/Ludecan/R/win-library/4.1"	"0.2.2"	NA	"R (>= 3.1.0)"	NA	NA	"knitr, rmarkdown (>= 0.2.65), testthat, covr"	NA	"GPL-3"	NA	NA	NA	NA	"yes"	"4.1.2"
"leafem"	"leafem"	"C:/Users/Ludecan/R/win-library/4.1"	"0.1.6"	NA	"R (>= 3.1.0)"	"base64enc, geojsonsf, htmltools (>= 0.3), htmlwidgets, leaflet
(>= 2.0.1), methods, raster, sf, png"	NA	"clipr, gdalUtils, leafgl, mapdeck, plainview, stars"	NA	"MIT + file LICENSE"	NA	NA	NA	NA	"no"	"4.1.2"
"leaflet"	"leaflet"	"C:/Users/Ludecan/R/win-library/4.1"	"2.0.4.1"	NA	"R (>= 3.1.0)"	"base64enc, crosstalk, htmlwidgets, htmltools, magrittr,
markdown, methods, png, RColorBrewer, raster, scales (>=
1.0.0), sp, stats, viridis (>= 0.5.1), leaflet.providers (>=
1.8.0)"	NA	"knitr, maps, sf (>= 0.9-6), shiny, rgdal, rgeos, R6, RJSONIO,
purrr, testthat"	NA	"GPL-3"	NA	NA	NA	NA	"no"	"4.1.2"
"leaflet.providers"	"leaflet.providers"	"C:/Users/Ludecan/R/win-library/4.1"	"1.9.0"	NA	"R (>= 2.10)"	NA	NA	"V8, jsonlite, testthat (>= 2.1.0)"	NA	"BSD_2_clause + file LICENSE"	NA	NA	NA	NA	"no"	"4.1.2"
"leafpop"	"leafpop"	"C:/Users/Ludecan/R/win-library/4.1"	"0.1.0"	NA	NA	"base64enc, brew, htmltools, htmlwidgets, sf, svglite, uuid"	NA	"lattice, leaflet (>= 2.0.0), sp"	NA	"MIT + file LICENSE"	NA	NA	NA	NA	"no"	"4.1.2"
"leaps"	"leaps"	"C:/Users/Ludecan/R/win-library/4.1"	"3.1"	NA	""	NA	NA	"biglm"	NA	"GPL (>= 2)"	NA	NA	NA	NA	"yes"	"4.1.2"
"lifecycle"	"lifecycle"	"C:/Users/Ludecan/R/win-library/4.1"	"1.0.1"	NA	"R (>= 3.3)"	"glue, rlang (>= 0.4.10)"	NA	"covr, crayon, lintr, tidyverse, knitr, rmarkdown, testthat
(>= 3.0.1), tools, tibble, vctrs"	NA	"MIT + file LICENSE"	NA	NA	NA	NA	"no"	"4.1.2"
"listenv"	"listenv"	"C:/Users/Ludecan/R/win-library/4.1"	"0.8.0"	NA	"R (>= 3.1.2)"	NA	NA	"R.utils, R.rsp, markdown"	NA	"LGPL (>= 2.1)"	NA	NA	NA	NA	"no"	"4.1.2"
"lme4"	"lme4"	"C:/Users/Ludecan/R/win-library/4.1"	"1.1-27.1"	NA	"R (>= 3.2.0), Matrix (>= 1.2-1), methods, stats"	"graphics, grid, splines, utils, parallel, MASS, lattice, boot,
nlme (>= 3.1-123), minqa (>= 1.1.15), nloptr (>= 1.0.4)"	"Rcpp (>= 0.10.5), RcppEigen"	"knitr, rmarkdown, PKPDmodels, MEMSS, testthat (>= 0.8.1),
ggplot2, mlmRev, optimx (>= 2013.8.6), gamm4, pbkrtest, HSAUR3,
numDeriv, car, dfoptim, mgcv, statmod, rr2, semEff"	NA	"GPL (>= 2)"	NA	NA	NA	NA	"yes"	"4.1.2"
"lmerTest"	"lmerTest"	"C:/Users/Ludecan/R/win-library/4.1"	"3.1-3"	NA	"R (>= 3.2.5), lme4 (>= 1.1-10), stats, methods"	"numDeriv, MASS, ggplot2"	NA	"pbkrtest (>= 0.4-3), tools"	NA	"GPL (>= 2)"	NA	NA	NA	NA	"no"	"4.1.2"
"lmtest"	"lmtest"	"C:/Users/Ludecan/R/win-library/4.1"	"0.9-39"	NA	"R (>= 3.0.0), stats, zoo"	"graphics"	NA	"car, strucchange, sandwich, dynlm, stats4, survival, AER"	NA	"GPL-2 | GPL-3"	NA	NA	NA	NA	"yes"	"4.1.2"
"logcondens"	"logcondens"	"C:/Users/Ludecan/R/win-library/4.1"	"2.1.6"	NA	"R (>= 2.10)"	"ks, graphics, stats"	NA	NA	NA	"GPL (>= 2)"	NA	NA	NA	NA	"no"	"4.1.2"
"loo"	"loo"	"C:/Users/Ludecan/R/win-library/4.1"	"2.4.1"	NA	"R (>= 3.1.2)"	"checkmate, matrixStats (>= 0.52), parallel, stats"	NA	"bayesplot (>= 1.7.0), brms (>= 2.10.0), ggplot2, graphics,
knitr, rmarkdown, rstan, rstanarm (>= 2.19.0), rstantools,
spdep, testthat (>= 2.1.0)"	NA	"GPL (>= 3)"	NA	NA	NA	NA	"no"	"4.1.2"
"lubridate"	"lubridate"	"C:/Users/Ludecan/R/win-library/4.1"	"1.8.0"	NA	"methods, R (>= 3.2)"	"generics"	"cpp11 (>= 0.2.7)"	"covr, knitr, testthat (>= 2.1.0), vctrs (>= 0.3.0), rmarkdown"	"chron, timeDate, tis, zoo"	"GPL (>= 2)"	NA	NA	NA	NA	"yes"	"4.1.2"
"magrittr"	"magrittr"	"C:/Users/Ludecan/R/win-library/4.1"	"2.0.1"	NA	NA	NA	NA	"covr, knitr, rlang, rmarkdown, testthat"	NA	"MIT + file LICENSE"	NA	NA	NA	NA	"yes"	"4.1.2"
"mapproj"	"mapproj"	"C:/Users/Ludecan/R/win-library/4.1"	"1.2.8"	NA	"R (>= 3.0.0), maps (>= 2.3-0)"	"stats, graphics"	NA	NA	NA	"Lucent Public License"	NA	NA	NA	NA	"yes"	"4.1.2"
"maps"	"maps"	"C:/Users/Ludecan/R/win-library/4.1"	"3.4.0"	NA	"R (>= 3.5.0)"	"graphics, utils"	NA	"mapproj (>= 1.2-0), mapdata (>= 2.3.0), sp, rnaturalearth"	NA	"GPL-2"	NA	NA	NA	NA	"yes"	"4.1.2"
"maptools"	"maptools"	"C:/Users/Ludecan/R/win-library/4.1"	"1.1-2"	NA	"R (>= 2.10), sp (>= 1.0-11)"	"foreign (>= 0.8), methods, grid, lattice, stats, utils,
grDevices"	NA	"rgeos (>= 0.1-8), spatstat.geom (>= 1.65-0), PBSmapping,
maps, RColorBrewer, raster, polyclip, plotrix, spatstat.linnet
(>= 1.65-3), spatstat.utils (>= 1.19.0), spatstat (>= 2.0-0)"	"gpclib"	"GPL (>= 2)"	NA	NA	NA	NA	"yes"	"4.1.2"
"mapview"	"mapview"	"C:/Users/Ludecan/R/win-library/4.1"	"2.10.0"	NA	"methods, R (>= 3.6.0)"	"base64enc, htmltools, htmlwidgets, lattice, leafem, leaflet
(>= 2.0.0), leafpop, png, raster, satellite, scales (>= 0.2.5),
servr, sf, sp, webshot"	NA	"covr, knitr, later, leaflet.extras2, leafsync, lwgeom,
mapdeck, plainview, poorman, rmarkdown, rstudioapi, s2, stars,
tinytest"	NA	"GPL (>= 3) | file LICENSE"	NA	NA	NA	NA	"no"	"4.1.2"
"markdown"	"markdown"	"C:/Users/Ludecan/R/win-library/4.1"	"1.1"	NA	"R (>= 2.11.1)"	"utils, xfun, mime (>= 0.3)"	NA	"knitr, RCurl"	NA	"GPL-2"	NA	NA	NA	NA	"yes"	"4.1.2"
"MatrixModels"	"MatrixModels"	"C:/Users/Ludecan/R/win-library/4.1"	"0.5-0"	NA	"R (>= 3.0.1)"	"stats, methods, Matrix (>= 1.1-5)"	NA	NA	NA	"GPL (>= 2)"	NA	NA	NA	NA	"no"	"4.1.2"
"matrixStats"	"matrixStats"	"C:/Users/Ludecan/R/win-library/4.1"	"0.61.0"	NA	"R (>= 2.12.0)"	NA	NA	"base64enc, ggplot2, knitr, markdown, microbenchmark,
R.devices, R.rsp"	NA	"Artistic-2.0"	NA	NA	NA	NA	"yes"	"4.1.2"
"maxlike"	"maxlike"	"C:/Users/Ludecan/R/win-library/4.1"	"0.1-8"	NA	"R (>= 2.10.0), raster"	NA	NA	"dismo"	NA	"GPL (>= 3)"	NA	NA	NA	NA	"no"	"4.1.2"
"mclust"	"mclust"	"C:/Users/Ludecan/R/win-library/4.1"	"5.4.9"	NA	"R (>= 3.0)"	"stats, utils, graphics, grDevices"	NA	"knitr (>= 1.12), rmarkdown (>= 0.9), mix (>= 1.0), geometry
(>= 0.3-6), MASS"	NA	"GPL (>= 2)"	NA	NA	NA	NA	"yes"	"4.1.2"
"memoise"	"memoise"	"C:/Users/Ludecan/R/win-library/4.1"	"2.0.1"	NA	NA	"rlang (>= 0.4.10), cachem"	NA	"digest, aws.s3, covr, googleAuthR, googleCloudStorageR, httr,
testthat"	NA	"MIT + file LICENSE"	NA	NA	NA	NA	"no"	"4.1.2"
"mice"	"mice"	"C:/Users/Ludecan/R/win-library/4.1"	"3.14.0"	NA	"R (>= 2.10.0)"	"broom, dplyr, generics, graphics, grDevices, lattice, methods,
Rcpp, rlang, stats, tidyr, utils, withr"	"cpp11, Rcpp"	"broom.mixed, decor, glmnet, haven, knitr, lme4, lmtest, MASS,
metafor, mitml, miceadds, nnet, pan, randomForest, ranger,
rmarkdown, rpart, survival, testthat"	NA	"GPL-2 | GPL-3"	NA	NA	NA	NA	"yes"	"4.1.2"
"microbenchmark"	"microbenchmark"	"C:/Users/Ludecan/R/win-library/4.1"	"1.4.9"	NA	NA	"graphics, stats"	NA	"ggplot2, multcomp, RUnit"	NA	"BSD_2_clause + file LICENSE"	NA	NA	NA	NA	"yes"	"4.1.2"
"mime"	"mime"	"C:/Users/Ludecan/R/win-library/4.1"	"0.12"	NA	NA	"tools"	NA	NA	NA	"GPL"	NA	NA	NA	NA	"yes"	"4.1.1"
"minqa"	"minqa"	"C:/Users/Ludecan/R/win-library/4.1"	"1.2.4"	NA	NA	"Rcpp (>= 0.9.10)"	"Rcpp"	NA	NA	"GPL-2"	NA	NA	NA	NA	"yes"	"4.1.2"
"misc3d"	"misc3d"	"C:/Users/Ludecan/R/win-library/4.1"	"0.9-1"	NA	NA	"grDevices, graphics, stats, tcltk"	NA	"rgl, tkrplot, MASS"	NA	"GPL"	NA	NA	NA	NA	"no"	"4.1.2"
"mnormt"	"mnormt"	"C:/Users/Ludecan/R/win-library/4.1"	"2.0.2"	NA	"R (>= 2.2.0)"	"tmvnsim (>= 1.0-2)"	NA	NA	NA	"GPL-2 | GPL-3"	NA	NA	NA	NA	"yes"	"4.1.1"
"ModelMetrics"	"ModelMetrics"	"C:/Users/Ludecan/R/win-library/4.1"	"1.2.2.2"	NA	"R (>= 3.2.2)"	"Rcpp, data.table"	"Rcpp"	"testthat"	NA	"GPL (>= 2)"	NA	NA	NA	NA	"yes"	"4.1.2"
"modeltools"	"modeltools"	"C:/Users/Ludecan/R/win-library/4.1"	"0.2-23"	NA	"stats, stats4"	"methods"	NA	NA	NA	"GPL-2"	NA	NA	NA	NA	"no"	"4.1.1"
"MPV"	"MPV"	"C:/Users/Ludecan/R/win-library/4.1"	"1.57"	NA	"R (>= 2.0.1), lattice, KernSmooth"	NA	NA	NA	NA	"Unlimited"	NA	NA	NA	NA	"no"	"4.1.2"
"multcomp"	"multcomp"	"C:/Users/Ludecan/R/win-library/4.1"	"1.4-18"	NA	"stats, graphics, mvtnorm (>= 1.0-10), survival (>= 2.39-4),
TH.data (>= 1.0-2)"	"sandwich (>= 2.3-0), codetools"	NA	"lme4 (>= 0.999375-16), nlme, robustbase, coin, MASS, foreign,
xtable, lmtest, coxme (>= 2.2-1), SimComp, ISwR, tram (>=
0.2-5), fixest (>= 0.10)"	NA	"GPL-2"	NA	NA	NA	NA	"no"	"4.1.2"
"multicool"	"multicool"	"C:/Users/Ludecan/R/win-library/4.1"	"0.1-12"	NA	"methods, Rcpp (>= 0.11.2)"	NA	"Rcpp"	NA	NA	"GPL-2"	NA	NA	NA	NA	"yes"	"4.1.2"
"munsell"	"munsell"	"C:/Users/Ludecan/R/win-library/4.1"	"0.5.0"	NA	NA	"colorspace, methods"	NA	"ggplot2, testthat"	NA	"MIT + file LICENSE"	NA	NA	NA	NA	"no"	"4.1.2"
"mvtnorm"	"mvtnorm"	"C:/Users/Ludecan/R/win-library/4.1"	"1.1-3"	NA	"R(>= 3.5.0)"	"stats, methods"	NA	NA	NA	"GPL-2"	NA	NA	NA	NA	"yes"	"4.1.1"
"nanotime"	"nanotime"	"C:/Users/Ludecan/R/win-library/4.1"	"0.3.5"	NA	NA	"methods, bit64, RcppCCTZ (>= 0.2.9), zoo"	"Rcpp, RcppCCTZ, RcppDate"	"tinytest, data.table, xts"	NA	"GPL (>= 2)"	NA	NA	NA	NA	"yes"	"4.1.2"
"natserv"	"natserv"	"C:/Users/Ludecan/R/win-library/4.1"	"1.0.0"	NA	"R(>= 3.2.1)"	"crul (>= 0.7.0), jsonlite, tibble"	NA	"testthat, knitr, vcr"	NA	"MIT + file LICENSE"	NA	NA	NA	NA	"no"	"4.1.2"
"ncdf4"	"ncdf4"	"C:/Users/Ludecan/R/win-library/4.1"	"1.19"	NA	NA	NA	NA	NA	NA	"GPL (>= 3)"	NA	NA	NA	NA	"yes"	"4.1.2"
"nloptr"	"nloptr"	"C:/Users/Ludecan/R/win-library/4.1"	"1.2.2.3"	NA	NA	NA	NA	"testthat (>= 0.8.1), knitr, rmarkdown, inline (>= 0.3.14)"	NA	"LGPL-3"	NA	NA	NA	NA	"yes"	"4.1.2"
"numDeriv"	"numDeriv"	"C:/Users/Ludecan/R/win-library/4.1"	"2016.8-1.1"	NA	"R (>= 2.11.1)"	NA	NA	NA	NA	"GPL-2"	NA	NA	NA	NA	"no"	"4.1.1"
"openssl"	"openssl"	"C:/Users/Ludecan/R/win-library/4.1"	"1.4.6"	NA	NA	"askpass"	NA	"testthat (>= 2.1.0), digest, knitr, rmarkdown, jsonlite,
jose, sodium"	NA	"MIT + file LICENSE"	NA	NA	NA	NA	"yes"	"4.1.2"
"openxlsx"	"openxlsx"	"C:/Users/Ludecan/R/win-library/4.1"	"4.2.5"	NA	"R (>= 3.3.0)"	"grDevices, methods, Rcpp, stats, stringi, utils, zip"	"Rcpp"	"knitr, rmarkdown, roxygen2, testthat"	NA	"MIT + file LICENSE"	NA	NA	NA	NA	"yes"	"4.1.2"
"ordinal"	"ordinal"	"C:/Users/Ludecan/R/win-library/4.1"	"2019.12-10"	NA	"R (>= 2.13.0), stats, methods"	"ucminf, MASS, Matrix, numDeriv"	NA	"lme4, nnet, xtable, testthat (>= 0.8), tools"	NA	"GPL (>= 2)"	NA	NA	NA	NA	"yes"	"4.1.2"
"parallelly"	"parallelly"	"C:/Users/Ludecan/R/win-library/4.1"	"1.30.0"	NA	NA	"parallel, tools, utils"	NA	NA	NA	"LGPL (>= 2.1)"	NA	NA	NA	NA	"no"	"4.1.2"
"pbapply"	"pbapply"	"C:/Users/Ludecan/R/win-library/4.1"	"1.5-0"	NA	"R (>= 3.2.0)"	"parallel"	NA	"shiny"	NA	"GPL-2"	NA	NA	NA	NA	"no"	"4.1.2"
"pbivnorm"	"pbivnorm"	"C:/Users/Ludecan/R/win-library/4.1"	"0.6.0"	NA	NA	NA	NA	NA	NA	"GPL (>= 2)"	NA	NA	NA	NA	"yes"	"4.1.1"
"pbkrtest"	"pbkrtest"	"C:/Users/Ludecan/R/win-library/4.1"	"0.5.1"	NA	"R (>= 3.5.0), lme4 (>= 1.1.10)"	"broom, dplyr, magrittr, MASS, Matrix (>= 1.2.3), methods,
numDeriv, parallel, knitr"	NA	NA	NA	"GPL (>= 2)"	NA	NA	NA	NA	"no"	"4.1.2"
"pcaPP"	"pcaPP"	"C:/Users/Ludecan/R/win-library/4.1"	"1.9-74"	NA	NA	"mvtnorm"	NA	"robustbase"	NA	"GPL (>= 3)"	NA	NA	NA	NA	"yes"	"4.1.2"
"phangorn"	"phangorn"	"C:/Users/Ludecan/R/win-library/4.1"	"2.8.1"	NA	"ape (>= 5.5), R (>= 4.1.0)"	"fastmatch, graphics, grDevices, igraph (>= 1.0), Matrix,
methods, parallel, quadprog, Rcpp, stats, utils"	"Rcpp"	"Biostrings, knitr, magick, prettydoc, rgl, rmarkdown, seqinr,
seqLogo, tinytest, xtable"	NA	"GPL (>= 2)"	NA	NA	NA	NA	"yes"	"4.1.2"
"pillar"	"pillar"	"C:/Users/Ludecan/R/win-library/4.1"	"1.6.4"	NA	NA	"cli, crayon (>= 1.3.4), ellipsis (>= 0.3.2), fansi, lifecycle,
rlang (>= 0.3.0), utf8 (>= 1.1.0), utils, vctrs (>= 0.3.8)"	NA	"bit64, debugme, DiagrammeR, dplyr, formattable, ggplot2,
knitr, lubridate, nycflights13, palmerpenguins, rmarkdown,
scales, stringi, survival, testthat (>= 3.0.2), tibble, units
(>= 0.7.2), withr"	NA	"MIT + file LICENSE"	NA	NA	NA	NA	"no"	"4.1.2"
"pkgbuild"	"pkgbuild"	"C:/Users/Ludecan/R/win-library/4.1"	"1.3.1"	NA	"R (>= 3.1)"	"callr (>= 3.2.0), cli, crayon, desc, prettyunits, R6,
rprojroot, withr (>= 2.3.0)"	NA	"Rcpp, cpp11, testthat, covr"	NA	"MIT + file LICENSE"	NA	NA	NA	NA	"no"	"4.1.2"
"pkgconfig"	"pkgconfig"	"C:/Users/Ludecan/R/win-library/4.1"	"2.0.3"	NA	NA	"utils"	NA	"covr, testthat, disposables (>= 1.0.3)"	NA	"MIT + file LICENSE"	NA	NA	NA	NA	"no"	"4.1.2"
"pkgload"	"pkgload"	"C:/Users/Ludecan/R/win-library/4.1"	"1.2.4"	NA	NA	"cli, crayon, desc, methods, rlang, rprojroot, rstudioapi,
utils, withr"	NA	"bitops, covr, pkgbuild, Rcpp, testthat"	NA	"GPL-3"	NA	NA	NA	NA	"no"	"4.1.2"
"plot3D"	"plot3D"	"C:/Users/Ludecan/R/win-library/4.1"	"1.4"	NA	"R (>= 2.15)"	"misc3d, stats, graphics, grDevices, methods"	NA	NA	NA	"GPL (>= 3.0)"	NA	NA	NA	NA	"no"	"4.1.2"
"plotly"	"plotly"	"C:/Users/Ludecan/R/win-library/4.1"	"4.10.0"	NA	"R (>= 3.2.0), ggplot2 (>= 3.0.0)"	"tools, scales, httr (>= 1.3.0), jsonlite (>= 1.6), magrittr,
digest, viridisLite, base64enc, htmltools (>= 0.3.6),
htmlwidgets (>= 1.5.2.9001), tidyr (>= 1.0.0), RColorBrewer,
dplyr, vctrs, tibble, lazyeval (>= 0.2.0), rlang (>= 0.4.10),
crosstalk, purrr, data.table, promises"	NA	"MASS, maps, hexbin, ggthemes, GGally, testthat, knitr,
devtools, shiny (>= 1.1.0), shinytest (>= 1.3.0), curl,
rmarkdown, Cairo, broom, webshot, listviewer, dendextend,
maptools, rgeos, sf, png, IRdisplay, processx, plotlyGeoAssets,
forcats, palmerpenguins, rversions, reticulate"	NA	"MIT + file LICENSE"	NA	NA	NA	NA	"no"	"4.1.2"
"plyr"	"plyr"	"C:/Users/Ludecan/R/win-library/4.1"	"1.8.6"	NA	"R (>= 3.1.0)"	"Rcpp (>= 0.11.0)"	"Rcpp"	"abind, covr, doParallel, foreach, iterators, itertools,
tcltk, testthat"	NA	"MIT + file LICENSE"	NA	NA	NA	NA	"yes"	"4.1.2"
"png"	"png"	"C:/Users/Ludecan/R/win-library/4.1"	"0.1-7"	NA	"R (>= 2.9.0)"	NA	NA	NA	NA	"GPL-2 | GPL-3"	NA	NA	NA	NA	"yes"	"4.1.1"
"polspline"	"polspline"	"C:/Users/Ludecan/R/win-library/4.1"	"1.1.19"	NA	NA	"stats, graphics"	NA	NA	NA	"GPL (>= 2)"	NA	NA	NA	NA	"yes"	"4.1.1"
"polyclip"	"polyclip"	"C:/Users/Ludecan/R/win-library/4.1"	"1.10-0"	NA	"R (>= 3.0.0)"	NA	NA	NA	NA	"BSL"	NA	NA	NA	NA	"yes"	"4.1.1"
"pracma"	"pracma"	"C:/Users/Ludecan/R/win-library/4.1"	"2.3.6"	NA	"R (>= 3.1.0)"	"graphics, grDevices, stats, utils"	NA	"NlcOptim, quadprog"	NA	"GPL (>= 3)"	NA	NA	NA	NA	"no"	"4.1.2"
"praise"	"praise"	"C:/Users/Ludecan/R/win-library/4.1"	"1.0.0"	NA	NA	NA	NA	"testthat"	NA	"MIT + file LICENSE"	NA	NA	NA	NA	"no"	"4.1.2"
"prettydoc"	"prettydoc"	"C:/Users/Ludecan/R/win-library/4.1"	"0.4.1"	NA	NA	"rmarkdown (>= 1.17)"	NA	"knitr, KernSmooth"	NA	"Apache License (>= 2.0)"	NA	NA	NA	NA	"no"	"4.1.2"
"prettyunits"	"prettyunits"	"C:/Users/Ludecan/R/win-library/4.1"	"1.1.1"	NA	NA	NA	NA	"codetools, covr, testthat"	NA	"MIT + file LICENSE"	NA	NA	NA	NA	"no"	"4.1.2"
"pROC"	"pROC"	"C:/Users/Ludecan/R/win-library/4.1"	"1.18.0"	NA	"R (>= 2.14)"	"methods, plyr, Rcpp (>= 0.11.1)"	"Rcpp"	"microbenchmark, tcltk, MASS, logcondens, doParallel,
testthat, vdiffr, ggplot2"	NA	"GPL (>= 3)"	NA	NA	NA	NA	"yes"	"4.1.2"
"processx"	"processx"	"C:/Users/Ludecan/R/win-library/4.1"	"3.5.2"	NA	NA	"ps (>= 1.2.0), R6, utils"	NA	"callr (>= 3.2.0), cli, codetools, covr, curl, debugme,
parallel, testthat, withr"	NA	"MIT + file LICENSE"	NA	NA	NA	NA	"yes"	"4.1.2"
"prodlim"	"prodlim"	"C:/Users/Ludecan/R/win-library/4.1"	"2019.11.13"	NA	"R (>= 2.9.0)"	"Rcpp (>= 0.11.5), stats, grDevices, graphics, survival,
KernSmooth, lava"	"Rcpp"	NA	NA	"GPL (>= 2)"	NA	NA	NA	NA	"yes"	"4.1.2"
"progress"	"progress"	"C:/Users/Ludecan/R/win-library/4.1"	"1.2.2"	NA	NA	"hms, prettyunits, R6, crayon"	NA	"Rcpp, testthat, withr"	NA	"MIT + file LICENSE"	NA	NA	NA	NA	"no"	"4.1.2"
"progressr"	"progressr"	"C:/Users/Ludecan/R/win-library/4.1"	"0.10.0"	NA	"R (>= 3.5.0)"	"digest, utils"	NA	"graphics, tcltk, beepr, crayon, pbmcapply, progress, purrr,
foreach, plyr, doFuture, future, future.apply, furrr,
rstudioapi, shiny, commonmark, base64enc, tools"	NA	"GPL (>= 3)"	NA	NA	NA	NA	"no"	"4.1.2"
"promises"	"promises"	"C:/Users/Ludecan/R/win-library/4.1"	"1.2.0.1"	NA	NA	"R6, Rcpp, later, rlang, stats, magrittr"	"later, Rcpp"	"testthat, future (>= 1.21.0), fastmap (>= 1.1.0), purrr,
knitr, rmarkdown, vembedr, spelling"	NA	"MIT + file LICENSE"	NA	NA	NA	NA	"yes"	"4.1.2"
"proxy"	"proxy"	"C:/Users/Ludecan/R/win-library/4.1"	"0.4-26"	NA	"R (>= 3.4.0)"	"stats, utils"	NA	"cba"	NA	"GPL-2"	NA	NA	NA	NA	"yes"	"4.1.2"
"ps"	"ps"	"C:/Users/Ludecan/R/win-library/4.1"	"1.6.0"	NA	"R (>= 3.1)"	"utils"	NA	"callr, covr, curl, pingr, processx (>= 3.1.0), R6, rlang,
testthat, tibble"	NA	"MIT + file LICENSE"	NA	NA	NA	NA	"yes"	"4.1.2"
"pscl"	"pscl"	"C:/Users/Ludecan/R/win-library/4.1"	"1.5.5"	NA	NA	"MASS, datasets, grDevices, graphics, stats, utils"	NA	"lattice, MCMCpack, car, lmtest, sandwich, zoo, coda, vcd,
mvtnorm, mgcv"	NA	"GPL-2"	NA	NA	NA	NA	"yes"	"4.1.2"
"purrr"	"purrr"	"C:/Users/Ludecan/R/win-library/4.1"	"0.3.4"	NA	"R (>= 3.2)"	"magrittr (>= 1.5), rlang (>= 0.3.1)"	NA	"covr, crayon, dplyr (>= 0.7.8), knitr, rmarkdown, testthat,
tibble, tidyselect"	NA	"GPL-3 | file LICENSE"	NA	NA	NA	NA	"yes"	"4.1.2"
"quadprog"	"quadprog"	"C:/Users/Ludecan/R/win-library/4.1"	"1.5-8"	NA	"R (>= 3.1.0)"	NA	NA	NA	NA	"GPL (>= 2)"	NA	NA	NA	NA	"yes"	"4.1.1"
"quantreg"	"quantreg"	"C:/Users/Ludecan/R/win-library/4.1"	"5.86"	NA	"R (>= 2.6), stats, SparseM"	"methods, graphics, Matrix, MatrixModels, conquer"	NA	"tripack, akima, MASS, survival, rgl, logspline, nor1mix,
Formula, zoo, R.rsp"	NA	"GPL (>= 2)"	NA	NA	NA	NA	"yes"	"4.1.2"
"R.cache"	"R.cache"	"C:/Users/Ludecan/R/win-library/4.1"	"0.15.0"	NA	"R (>= 2.14.0)"	"utils, R.methodsS3 (>= 1.8.1), R.oo (>= 1.24.0), R.utils (>=
2.10.1), digest (>= 0.6.13)"	NA	NA	NA	"LGPL (>= 2.1)"	NA	NA	NA	NA	"no"	"4.1.2"
"R.devices"	"R.devices"	"C:/Users/Ludecan/R/win-library/4.1"	"2.17.0"	NA	"R (>= 2.14.0)"	"grDevices, R.methodsS3 (>= 1.8.1), R.oo (>= 1.24.0), R.utils
(>= 2.10.1), base64enc (>= 0.1-2)"	NA	"digest (>= 0.6.13), Cairo (>= 1.5-9), R.rsp"	NA	"LGPL (>= 2.1)"	NA	NA	NA	NA	"no"	"4.1.2"
"R.methodsS3"	"R.methodsS3"	"C:/Users/Ludecan/R/win-library/4.1"	"1.8.1"	NA	"R (>= 2.13.0)"	"utils"	NA	"codetools"	NA	"LGPL (>= 2.1)"	NA	NA	NA	NA	"no"	"4.1.1"
"R.oo"	"R.oo"	"C:/Users/Ludecan/R/win-library/4.1"	"1.24.0"	NA	"R (>= 2.13.0), R.methodsS3 (>= 1.8.0)"	"methods, utils"	NA	"tools"	NA	"LGPL (>= 2.1)"	NA	NA	NA	NA	"no"	"4.1.1"
"R.rsp"	"R.rsp"	"C:/Users/Ludecan/R/win-library/4.1"	"0.44.0"	NA	"R (>= 2.14.0)"	"methods, stats, tools, utils, R.methodsS3 (>= 1.7.1), R.oo (>=
1.23.0), R.utils, R.cache, digest (>= 0.6.13)"	NA	"tcltk, markdown (>= 0.8), knitr (>= 1.9), R.devices (>=
2.16.1), base64enc (>= 0.1-2)"	NA	"LGPL (>= 2.1)"	NA	NA	NA	NA	"no"	"4.1.2"
"R.utils"	"R.utils"	"C:/Users/Ludecan/R/win-library/4.1"	"2.11.0"	NA	"R (>= 2.14.0), R.oo (>= 1.24.0)"	"methods, utils, tools, R.methodsS3 (>= 1.8.1)"	NA	"digest (>= 0.6.10)"	NA	"LGPL (>= 2.1)"	NA	NA	NA	NA	"no"	"4.1.2"
"R2jags"	"R2jags"	"C:/Users/Ludecan/R/win-library/4.1"	"0.7-1"	NA	"R (>= 2.14.0), rjags (>= 3-3)"	"abind, coda (>= 0.13), graphics, grDevices, methods,
R2WinBUGS, parallel, stats, utils"	NA	"testthat (>= 3.0.0)"	NA	"GPL (> 2)"	NA	NA	NA	NA	"no"	"4.1.2"
"R2OpenBUGS"	"R2OpenBUGS"	"C:/Users/Ludecan/R/win-library/4.1"	"3.2-3.2.1"	NA	"R (>= 2.13.0)"	"coda (>= 0.11-0), boot"	NA	NA	NA	"GPL-2"	NA	NA	NA	NA	"no"	"4.1.2"
"R2WinBUGS"	"R2WinBUGS"	"C:/Users/Ludecan/R/win-library/4.1"	"2.1-21"	NA	"R (>= 2.13.0), coda (>= 0.11-0), boot"	"utils, stats, graphics"	NA	"BRugs (>= 0.3-2)"	NA	"GPL-2"	NA	NA	NA	NA	"no"	"4.1.2"
"R6"	"R6"	"C:/Users/Ludecan/R/win-library/4.1"	"2.5.1"	NA	"R (>= 3.0)"	NA	NA	"testthat, pryr"	NA	"MIT + file LICENSE"	NA	NA	NA	NA	"no"	"4.1.2"
"randomNames"	"randomNames"	"C:/Users/Ludecan/R/win-library/4.1"	"1.5-0.0"	NA	"R (>= 4.0)"	"crayon, data.table (>= 1.14.0), toOrdinal (>= 1.1)"	NA	"knitr, rmarkdown"	NA	"GPL-3"	NA	NA	NA	NA	"no"	"4.1.2"
"RANN"	"RANN"	"C:/Users/Ludecan/R/win-library/4.1"	"2.6.1"	NA	NA	NA	NA	"testthat"	NA	"GPL (>= 3)"	NA	NA	NA	NA	"yes"	"4.1.2"
"rappdirs"	"rappdirs"	"C:/Users/Ludecan/R/win-library/4.1"	"0.3.3"	NA	"R (>= 3.2)"	NA	NA	"roxygen2, testthat (>= 3.0.0), covr, withr"	NA	"MIT + file LICENSE"	NA	NA	NA	NA	"yes"	"4.1.2"
"raster"	"raster"	"C:/Users/Ludecan/R/win-library/4.1"	"3.5-11"	NA	"sp (>= 1.4-5), R (>= 3.5.0)"	"Rcpp, methods, terra (>= 1.4-11)"	"Rcpp"	"rgdal (>= 1.5-23), rgeos (>= 0.5-3), ncdf4, igraph, tcltk,
parallel, rasterVis, MASS, sf, tinytest, gstat, fields,
exactextractr"	NA	"GPL (>= 3)"	NA	NA	NA	NA	"yes"	"4.1.2"
"ratelimitr"	"ratelimitr"	"C:/Users/Ludecan/R/win-library/4.1"	"0.4.1"	NA	NA	"assertthat"	NA	"testthat, microbenchmark, knitr, rmarkdown, covr"	NA	"MIT + file LICENSE"	NA	NA	NA	NA	"no"	"4.1.2"
"rcmdcheck"	"rcmdcheck"	"C:/Users/Ludecan/R/win-library/4.1"	"1.4.0"	NA	NA	"callr (>= 3.1.1.9000), cli (>= 3.0.0), curl, desc (>= 1.2.0),
digest, pkgbuild, prettyunits, R6, rprojroot, sessioninfo (>=
1.1.1), utils, withr, xopen"	NA	"covr, knitr, mockery, processx, ps, rmarkdown, svglite,
testthat, webfakes"	NA	"MIT + file LICENSE"	NA	NA	NA	NA	"no"	"4.1.2"
"RColorBrewer"	"RColorBrewer"	"C:/Users/Ludecan/R/win-library/4.1"	"1.1-2"	NA	"R (>= 2.0.0)"	NA	NA	NA	NA	"Apache License 2.0"	NA	NA	NA	NA	"no"	"4.1.1"
"Rcpp"	"Rcpp"	"C:/Users/Ludecan/R/win-library/4.1"	"1.0.8"	NA	NA	"methods, utils"	NA	"tinytest, inline, rbenchmark, pkgKitten (>= 0.1.2)"	NA	"GPL (>= 2)"	NA	NA	NA	NA	"yes"	"4.1.2"
"RcppCCTZ"	"RcppCCTZ"	"C:/Users/Ludecan/R/win-library/4.1"	"0.2.10"	NA	NA	"Rcpp (>= 0.11.0)"	"Rcpp"	"tinytest"	NA	"GPL (>= 2)"	NA	NA	NA	NA	"yes"	"4.1.2"
"RcppDate"	"RcppDate"	"C:/Users/Ludecan/R/win-library/4.1"	"0.0.3"	NA	NA	NA	NA	"Rcpp"	NA	"GPL (>= 2)"	NA	NA	NA	NA	"no"	"4.1.2"
"RcppEigen"	"RcppEigen"	"C:/Users/Ludecan/R/win-library/4.1"	"0.3.3.9.1"	NA	NA	"Matrix (>= 1.1-0), Rcpp (>= 0.11.0), stats, utils"	"Rcpp"	"inline, tinytest, pkgKitten, microbenchmark"	NA	"GPL (>= 2) | file LICENSE"	NA	NA	NA	NA	"yes"	"4.1.2"
"RcppParallel"	"RcppParallel"	"C:/Users/Ludecan/R/win-library/4.1"	"5.1.5"	NA	"R (>= 3.0.2)"	NA	NA	"Rcpp, RUnit, knitr, rmarkdown"	NA	"GPL (>= 3)"	NA	NA	NA	NA	"yes"	"4.1.2"
"RcppZiggurat"	"RcppZiggurat"	"C:/Users/Ludecan/R/win-library/4.1"	"0.1.6"	NA	"R (>= 3.0.0)"	"Rcpp, parallel, graphics, stats, utils"	"Rcpp, RcppGSL"	"rbenchmark, microbenchmark, lattice, knitr, rmarkdown, pinp"	NA	"GPL (>= 2)"	NA	NA	NA	NA	"yes"	"4.1.2"
"RCurl"	"RCurl"	"C:/Users/Ludecan/R/win-library/4.1"	"1.98-1.5"	NA	"R (>= 3.4.0), methods"	"bitops"	NA	"XML"	NA	"BSD_3_clause + file LICENSE"	NA	NA	NA	NA	"yes"	"4.1.1"
"readr"	"readr"	"C:/Users/Ludecan/R/win-library/4.1"	"2.1.1"	NA	"R (>= 3.1)"	"cli, clipr, crayon, hms (>= 0.4.1), methods, rlang, R6,
tibble, vroom (>= 1.5.6), utils, lifecycle (>= 0.2.0)"	"cpp11, tzdb (>= 0.1.1)"	"datasets, covr, curl, knitr, rmarkdown, spelling, stringi,
testthat, tzdb (>= 0.1.1), waldo, withr, xml2"	NA	"MIT + file LICENSE"	NA	NA	NA	NA	"yes"	"4.1.2"
"recipes"	"recipes"	"C:/Users/Ludecan/R/win-library/4.1"	"0.1.17"	NA	"dplyr, R (>= 3.1)"	"ellipsis, generics (>= 0.1.0), glue, gower, ipred (>= 0.9-12),
lifecycle, lubridate, magrittr, Matrix, purrr (>= 0.2.3), rlang
(>= 0.4.0), stats, tibble, tidyr (>= 1.0.0), tidyselect (>=
1.1.0), timeDate, utils, vctrs, withr"	NA	"covr, ddalpha, dimRed (>= 0.2.2), fastICA, ggplot2, igraph,
kernlab, knitr, modeldata, parsnip (>= 0.1.7), RANN, RcppRoll,
rmarkdown, rpart, rsample, RSpectra, testthat (>= 3.0.0),
workflows, xml2"	NA	"MIT + file LICENSE"	NA	NA	NA	NA	"no"	"4.1.2"
"rematch2"	"rematch2"	"C:/Users/Ludecan/R/win-library/4.1"	"2.1.2"	NA	NA	"tibble"	NA	"covr, testthat"	NA	"MIT + file LICENSE"	NA	NA	NA	NA	"no"	"4.1.2"
"remotes"	"remotes"	"C:/Users/Ludecan/R/win-library/4.1"	"2.4.2"	NA	"R (>= 3.0.0)"	"methods, stats, tools, utils"	NA	"brew, callr, codetools, curl, covr, git2r (>= 0.23.0), knitr,
mockery, pkgbuild (>= 1.0.1), pingr, rmarkdown, rprojroot,
testthat, webfakes, withr"	NA	"MIT + file LICENSE"	NA	NA	NA	NA	"no"	"4.1.2"
"rentrez"	"rentrez"	"C:/Users/Ludecan/R/win-library/4.1"	"1.2.3"	NA	"R (>= 2.6.0)"	"XML, httr (>= 0.5), jsonlite (>= 0.9)"	NA	"testthat, knitr, rmarkdown"	NA	"MIT + file LICENSE"	NA	NA	NA	NA	"no"	"4.1.2"
"reshape"	"reshape"	"C:/Users/Ludecan/R/win-library/4.1"	"0.8.8"	NA	"R (>= 2.6.1)"	"plyr"	NA	NA	NA	"MIT + file LICENSE"	NA	NA	NA	NA	"yes"	"4.1.2"
"reshape2"	"reshape2"	"C:/Users/Ludecan/R/win-library/4.1"	"1.4.4"	NA	"R (>= 3.1)"	"plyr (>= 1.8.1), Rcpp, stringr"	"Rcpp"	"covr, lattice, testthat (>= 0.8.0)"	NA	"MIT + file LICENSE"	NA	NA	NA	NA	"yes"	"4.1.2"
"rex"	"rex"	"C:/Users/Ludecan/R/win-library/4.1"	"1.2.1"	NA	NA	"lazyeval"	NA	"covr, dplyr, ggplot2, Hmisc, knitr, magrittr, rmarkdown,
roxygen2, rvest, stringr, testthat"	NA	"MIT + file LICENSE"	NA	NA	NA	NA	"no"	"4.1.2"
"rgdal"	"rgdal"	"C:/Users/Ludecan/R/win-library/4.1"	"1.5-28"	NA	"R (>= 3.5.0), methods, sp (>= 1.1-0)"	"grDevices, graphics, stats, utils"	"sp"	"knitr, DBI, RSQLite, maptools, mapview, rmarkdown, curl,
rgeos"	NA	"GPL (>= 2)"	NA	NA	NA	NA	"yes"	"4.1.2"
"rgeos"	"rgeos"	"C:/Users/Ludecan/R/win-library/4.1"	"0.5-9"	NA	"R (>= 3.3.0), methods, sp (>= 1.1-0)"	"utils, stats, graphics"	"sp"	"maptools (>= 0.8-5), testthat, XML, maps, rgdal"	NA	"GPL (>= 2)"	NA	NA	NA	NA	"yes"	"4.1.2"
"ritis"	"ritis"	"C:/Users/Ludecan/R/win-library/4.1"	"1.0.0"	NA	NA	"solrium (>= 1.1.4), crul (>= 0.9.0), jsonlite, data.table,
tibble"	NA	"testthat, webmockr, vcr (>= 0.5.4)"	NA	"MIT + file LICENSE"	NA	NA	NA	NA	"no"	"4.1.2"
"rjags"	"rjags"	"C:/Users/Ludecan/R/win-library/4.1"	"4-12"	NA	"R (>= 2.14.0), coda (>= 0.13)"	NA	NA	"tcltk"	NA	"GPL (== 2)"	NA	NA	NA	NA	"yes"	"4.1.2"
"rlang"	"rlang"	"C:/Users/Ludecan/R/win-library/4.1"	"0.4.12"	NA	"R (>= 3.3.0)"	"utils"	NA	"cli, covr, crayon, glue, magrittr, methods, pak, pillar,
rmarkdown, testthat (>= 3.0.0), vctrs (>= 0.2.3), withr"	"winch"	"MIT + file LICENSE"	NA	NA	NA	NA	"yes"	"4.1.2"
"rmarkdown"	"rmarkdown"	"C:/Users/Ludecan/R/win-library/4.1"	"2.11"	NA	"R (>= 3.0)"	"tools, utils, knitr (>= 1.22), yaml (>= 2.1.19), htmltools (>=
0.3.5), evaluate (>= 0.13), jsonlite, tinytex (>= 0.31), xfun
(>= 0.21), jquerylib, methods, stringr (>= 1.2.0)"	NA	"shiny (>= 1.6.0), tufte, testthat (>= 3.0.0), digest,
dygraphs, vctrs, tibble, fs, rsconnect, withr (>= 2.4.2), bslib
(>= 0.2.5.1), sass (>= 0.4.0)"	NA	"GPL-3"	NA	NA	NA	NA	"no"	"4.1.2"
"Rmisc"	"Rmisc"	"C:/Users/Ludecan/R/win-library/4.1"	"1.5"	NA	"lattice, plyr"	NA	NA	"latticeExtra, Hmisc, stats4"	NA	"GPL-3"	NA	NA	NA	NA	"no"	"4.1.2"
"rms"	"rms"	"C:/Users/Ludecan/R/win-library/4.1"	"6.2-0"	NA	"R (>= 3.5.0), Hmisc (>= 4.3-0), survival (>= 3.1-12), lattice,
ggplot2 (>= 2.2), SparseM"	"methods, quantreg, rpart, nlme (>= 3.1-123), polspline,
multcomp, htmlTable (>= 1.11.0), htmltools, MASS, cluster,
digest"	NA	"boot, tcltk, plotly (>= 4.5.6), knitr, mice, rmsb"	NA	"GPL (>= 2)"	NA	NA	NA	NA	"yes"	"4.1.2"
"rmsb"	"rmsb"	"C:/Users/Ludecan/R/win-library/4.1"	"0.0.2"	NA	"R (>= 3.4.0), rms (>= 6.0.2)"	"methods, Rcpp (>= 0.12.0), RcppParallel (>= 5.0.1), rstan (>=
2.18.1), rstantools (>= 2.1.1), Hmisc (>= 4.3-0), survival (>=
3.1-12), ggplot2, MASS, cluster, digest, knitr, loo"	"BH (>= 1.66.0), Rcpp (>= 0.12.0), RcppEigen (>= 0.3.3.3.0),
RcppParallel (>= 5.0.1), rstan (>= 2.18.1), StanHeaders (>=
2.18.0)"	"mice"	NA	"GPL (>= 3)"	NA	NA	NA	NA	"yes"	"4.1.2"
"rncl"	"rncl"	"C:/Users/Ludecan/R/win-library/4.1"	"0.8.4"	NA	"R (>= 3.1.1)"	"Rcpp (>= 0.11.0), progress (>= 1.1.2), stats"	"Rcpp, progress"	"testthat, ape"	NA	"BSD_2_clause + file LICENSE"	NA	NA	NA	NA	"yes"	"4.1.2"
"rngtools"	"rngtools"	"C:/Users/Ludecan/R/win-library/4.1"	"1.5.2"	NA	"R (>= 3.2.0), methods"	"digest, utils, stats, parallel"	NA	"covr, RUnit, testthat"	NA	"GPL-3"	NA	NA	NA	NA	"no"	"4.1.2"
"robust"	"robust"	"C:/Users/Ludecan/R/win-library/4.1"	"0.6-1"	NA	"fit.models"	"graphics, stats, utils, lattice, MASS, robustbase, rrcov"	NA	NA	NA	"GPL-2"	NA	NA	NA	NA	"yes"	"4.1.2"
"robustbase"	"robustbase"	"C:/Users/Ludecan/R/win-library/4.1"	"0.93-9"	NA	"R (>= 3.5.0)"	"stats, graphics, utils, methods, DEoptimR"	NA	"grid, MASS, lattice, boot, cluster, Matrix, robust,
fit.models, MPV, xtable, ggplot2, GGally, RColorBrewer,
reshape2, sfsmisc, catdata, doParallel, foreach, skewt"	"robustX, rrcov, matrixStats, quantreg, Hmisc"	"GPL (>= 2)"	NA	NA	NA	NA	"yes"	"4.1.2"
"rotl"	"rotl"	"C:/Users/Ludecan/R/win-library/4.1"	"3.0.12"	NA	"R (>= 3.1.1)"	"ape, assertthat (>= 0.1), httr, jsonlite, rentrez, rncl (>=
0.6.0)"	NA	"knitr (>= 1.12), MCMCglmm, phylobase, readxl, rmarkdown (>=
0.7), RNeXML, testthat"	NA	"BSD_2_clause + file LICENSE"	NA	NA	NA	NA	"no"	"4.1.2"
"roxygen2"	"roxygen2"	"C:/Users/Ludecan/R/win-library/4.1"	"7.1.2"	NA	"R (>= 3.3)"	"brew, commonmark, desc (>= 1.2.0), digest, knitr, methods,
pkgload (>= 1.0.2), purrr (>= 0.3.3), R6 (>= 2.1.2), rlang,
stringi, stringr (>= 1.0.0), utils, xml2"	"cpp11"	"covr, devtools, rmarkdown, testthat (>= 2.1.0), R.methodsS3,
R.oo"	NA	"MIT + file LICENSE"	NA	NA	NA	NA	"yes"	"4.1.2"
"rprojroot"	"rprojroot"	"C:/Users/Ludecan/R/win-library/4.1"	"2.0.2"	NA	"R (>= 3.0.0)"	NA	NA	"covr, knitr, lifecycle, mockr, rmarkdown, testthat (>=
3.0.0), withr"	NA	"MIT + file LICENSE"	NA	NA	NA	NA	"no"	"4.1.2"
"rrcov"	"rrcov"	"C:/Users/Ludecan/R/win-library/4.1"	"1.6-0"	NA	"R (>= 2.10), robustbase (>= 0.92.1), methods"	"stats, stats4, mvtnorm, lattice, pcaPP"	NA	"grid, MASS"	NA	"GPL (>= 3)"	NA	NA	NA	NA	"yes"	"4.1.2"
"rredlist"	"rredlist"	"C:/Users/Ludecan/R/win-library/4.1"	"0.7.0"	NA	NA	"crul (>= 0.3.8), jsonlite (>= 1.1)"	NA	"testthat, vcr (>= 0.4.0)"	NA	"MIT + file LICENSE"	NA	NA	NA	NA	"no"	"4.1.2"
"RSQLite"	"RSQLite"	"C:/Users/Ludecan/R/win-library/4.1"	"2.2.9"	NA	"R (>= 3.1.0)"	"bit64, blob (>= 1.2.0), DBI (>= 1.1.0), memoise, methods,
pkgconfig, Rcpp (>= 1.0.7)"	"plogr (>= 0.2.0), Rcpp"	"DBItest (>= 1.7.0), gert, gh, knitr, rmarkdown, hms, rvest,
testthat, xml2"	NA	"LGPL (>= 2.1)"	NA	NA	NA	NA	"yes"	"4.1.2"
"rstan"	"rstan"	"C:/Users/Ludecan/R/win-library/4.1"	"2.21.3"	NA	"R (>= 3.4.0), StanHeaders (>= 2.21.0), ggplot2 (>= 3.0.0)"	"methods, stats4, inline, gridExtra (>= 2.0.0), Rcpp (>=
0.12.0), RcppParallel (>= 5.0.1), loo (>= 2.3.0), pkgbuild"	"Rcpp (>= 0.12.0), RcppEigen (>= 0.3.3.3.0), BH (>=
1.72.0-2), StanHeaders (>= 2.21.0), RcppParallel"	"RUnit, RcppEigen (>= 0.3.3.3.0), BH (>= 1.72.0-2), parallel,
KernSmooth, shinystan (>= 2.3.0), bayesplot (>= 1.5.0),
rmarkdown, rstantools, rstudioapi, Matrix, knitr (>= 1.15.1),
V8"	NA	"GPL (>= 3)"	NA	NA	NA	NA	"yes"	"4.1.2"
"rstantools"	"rstantools"	"C:/Users/Ludecan/R/win-library/4.1"	"2.1.1"	NA	NA	"desc, stats, utils, Rcpp (>= 0.12.16), RcppParallel (>= 5.0.1)"	NA	"rstan (>= 2.17.2), usethis (>= 1.5.1), testthat (>= 2.0.0),
knitr, pkgbuild, pkgload, roxygen2 (>= 6.0.1), rmarkdown,
rstudioapi"	NA	"GPL (>= 3)"	NA	NA	NA	NA	"no"	"4.1.2"
"rstudioapi"	"rstudioapi"	"C:/Users/Ludecan/R/win-library/4.1"	"0.13"	NA	NA	NA	NA	"testthat, knitr, rmarkdown, clipr"	NA	"MIT + file LICENSE"	NA	NA	NA	NA	"no"	"4.1.2"
"rversions"	"rversions"	"C:/Users/Ludecan/R/win-library/4.1"	"2.1.1"	NA	NA	"curl, utils, xml2 (>= 1.0.0)"	NA	"mockery, testthat"	NA	"MIT + file LICENSE"	NA	NA	NA	NA	"no"	"4.1.2"
"s2"	"s2"	"C:/Users/Ludecan/R/win-library/4.1"	"1.0.7"	NA	"R (>= 3.0.0)"	"Rcpp, wk (>= 0.5.0)"	"Rcpp, wk"	"testthat, vctrs"	NA	"Apache License (== 2.0)"	NA	NA	NA	NA	"yes"	"4.1.2"
"sandwich"	"sandwich"	"C:/Users/Ludecan/R/win-library/4.1"	"3.0-1"	NA	"R (>= 3.0.0)"	"stats, utils, zoo"	NA	"AER, car, geepack, lattice, lmtest, MASS, multiwayvcov,
parallel, pcse, plm, pscl, scatterplot3d, stats4, strucchange,
survival"	NA	"GPL-2 | GPL-3"	NA	NA	NA	NA	"no"	"4.1.2"
"satellite"	"satellite"	"C:/Users/Ludecan/R/win-library/4.1"	"1.0.4"	NA	"R (>= 2.10), raster, methods, utils, stats, grDevices,
graphics"	"plyr, Rcpp (>= 0.10.3), terra, tools, stats4"	"Rcpp"	"devtools, knitr, rgdal, testthat, rmarkdown"	NA	"MIT + file LICENSE"	NA	NA	NA	NA	"yes"	"4.1.2"
"scales"	"scales"	"C:/Users/Ludecan/R/win-library/4.1"	"1.1.1"	NA	"R (>= 3.2)"	"farver (>= 2.0.3), labeling, lifecycle, munsell (>= 0.5), R6,
RColorBrewer, viridisLite"	NA	"bit64, covr, dichromat, ggplot2, hms (>= 0.5.0), testthat (>=
2.1.0)"	NA	"MIT + file LICENSE"	NA	NA	NA	NA	"no"	"4.1.2"
"servr"	"servr"	"C:/Users/Ludecan/R/win-library/4.1"	"0.24"	NA	"R (>= 3.0.0)"	"mime (>= 0.2), httpuv (>= 1.5.2), xfun, jsonlite"	NA	"tools, later, rstudioapi, knitr (>= 1.9), rmarkdown"	NA	"GPL"	NA	NA	NA	NA	"no"	"4.1.2"
"sessioninfo"	"sessioninfo"	"C:/Users/Ludecan/R/win-library/4.1"	"1.2.2"	NA	"R (>= 2.10)"	"cli (>= 3.1.0), tools, utils"	NA	"callr, covr, mockery, reticulate, rmarkdown, testthat, withr"	NA	"GPL-2"	NA	NA	NA	NA	"no"	"4.1.2"
"sf"	"sf"	"C:/Users/Ludecan/R/win-library/4.1"	"1.0-5"	NA	"methods, R (>= 3.3.0)"	"classInt (>= 0.4-1), DBI (>= 0.8), graphics, grDevices, grid,
magrittr, Rcpp (>= 0.12.18), s2 (>= 1.0.7), stats, tools, units
(>= 0.6-0), utils"	"Rcpp"	"blob, covr, dplyr (>= 0.8-3), ggplot2, knitr, lwgeom (>=
0.2-1), maps, mapview, Matrix, microbenchmark, odbc, pillar,
pool, raster, rgdal, rgeos, rlang, rmarkdown, RPostgres (>=
1.1.0), RPostgreSQL, RSQLite, sp (>= 1.2-4), spatstat (>=
2.0-1), spatstat.geom, spatstat.core, spatstat.linnet,
spatstat.utils, stars (>= 0.2-0), terra, testthat, tibble (>=
1.4.1), tidyr (>= 1.0-0), tidyselect (>= 1.0.0), tmap (>= 2.0),
vctrs, wk"	NA	"GPL-2 | MIT + file LICENSE"	NA	NA	NA	NA	"yes"	"4.1.2"
"sfsmisc"	"sfsmisc"	"C:/Users/Ludecan/R/win-library/4.1"	"1.1-12"	NA	"R (>= 3.3.0)"	"grDevices, methods, utils, stats, tools"	NA	"datasets, tcltk, cluster, lattice, MASS, Matrix, nlme, lokern"	"mgcv, rpart, nor1mix, polycor, sm, tikzDevice, e1071, Hmisc,
gmp, pastecs, polynom, robustbase"	"GPL (>= 2)"	NA	NA	NA	NA	"no"	"4.1.2"
"sgeostat"	"sgeostat"	"C:/Users/Ludecan/R/win-library/4.1"	"1.0-27"	NA	"stats, grDevices, graphics, R (>= 2.0.0)"	NA	NA	NA	NA	"GPL (>= 2)"	NA	NA	NA	NA	"yes"	"4.1.1"
"SGP"	"SGP"	"C:/Users/Ludecan/R/win-library/4.1"	"1.9-5.0"	NA	"R (>= 3.6.0)"	"Cairo, callr, colorspace, crayon, datasets, data.table (>=
1.12.4), digest, doParallel, doRNG (>= 1.8.2), equate (>=
2.0-5), foreach, graphics, grid, grDevices, gridBase,
iterators, gtools, jsonlite, matrixStats, methods, parallel,
plotly, quantreg, randomNames (>= 0.0-5), rngtools (>= 1.5),
RSQLite, sn (>= 1.0-0), splines, stats, toOrdinal, utils"	NA	"SGPdata (>= 23.0-0), knitr, rmarkdown"	NA	"GPL-3"	NA	NA	NA	NA	"no"	"4.1.2"
"shape"	"shape"	"C:/Users/Ludecan/R/win-library/4.1"	"1.4.6"	NA	"R (>= 2.01)"	"stats, graphics, grDevices"	NA	NA	NA	"GPL (>= 3)"	NA	NA	NA	NA	"no"	"4.1.1"
"skewt"	"skewt"	"C:/Users/Ludecan/R/win-library/4.1"	"1.0"	NA	NA	NA	NA	NA	NA	"GPL"	NA	NA	NA	NA	"no"	"4.1.2"
"sn"	"sn"	"C:/Users/Ludecan/R/win-library/4.1"	"2.0.1"	NA	"R (>= 3.0.0), methods, stats4"	"mnormt (>= 2.0.0), numDeriv, utils, quantreg"	NA	"R.rsp"	NA	"GPL-2 | GPL-3"	NA	NA	NA	NA	"no"	"4.1.2"
"solrium"	"solrium"	"C:/Users/Ludecan/R/win-library/4.1"	"1.2.0"	NA	NA	"utils, dplyr (>= 0.5.0), plyr (>= 1.8.4), crul (>= 0.4.0),
xml2 (>= 1.0.0), jsonlite (>= 1.0), tibble (>= 1.4.2), R6"	NA	"testthat, knitr, rmarkdown"	NA	"MIT + file LICENSE"	NA	NA	NA	NA	"no"	"4.1.2"
"sp"	"sp"	"C:/Users/Ludecan/R/win-library/4.1"	"1.4-6"	NA	"R (>= 3.0.0), methods"	"utils, stats, graphics, grDevices, lattice, grid"	NA	"RColorBrewer, rgdal (>= 1.2-3), rgeos (>= 0.3-13), gstat,
maptools, deldir, knitr, rmarkdown"	NA	"GPL (>= 2)"	NA	NA	NA	NA	"yes"	"4.1.2"
"spacetime"	"spacetime"	"C:/Users/Ludecan/R/win-library/4.1"	"1.2-5"	NA	"R (>= 3.0.0)"	"graphics, utils, stats, methods, lattice, sp (>= 1.1-0), zoo
(>= 1.7-9), xts (>= 0.8-8), intervals"	NA	"adehabitatLT, cshapes (>= 2.0), foreign, gstat (>= 1.0-16),
maps, mapdata, maptools, plm, raster, RColorBrewer, rgdal,
rgeos, RPostgreSQL, knitr, googleVis, ISOcodes, markdown, sf"	NA	"GPL (>= 2)"	NA	NA	NA	NA	"no"	"4.1.2"
"spam"	"spam"	"C:/Users/Ludecan/R/win-library/4.1"	"2.8-0"	NA	"R (>= 3.1)"	"dotCall64, grid, methods"	NA	"spam64, fields, Matrix, testthat, R.rsp, truncdist, knitr,
rmarkdown"	NA	"LGPL-2 | BSD_3_clause + file LICENSE"	NA	NA	NA	NA	"yes"	"4.1.2"
"SparseM"	"SparseM"	"C:/Users/Ludecan/R/win-library/4.1"	"1.81"	NA	"R (>= 2.15), methods"	"graphics, stats, utils"	NA	NA	NA	"GPL (>= 2)"	NA	NA	NA	NA	"yes"	"4.1.1"
"spatstat"	"spatstat"	"C:/Users/Ludecan/R/win-library/4.1"	"2.3-0"	NA	"R (>= 3.5.0), spatstat.data (>= 2.1-0), spatstat.geom (>=
2.3-0), spatstat.core (>= 2.3-0), spatstat.linnet (>= 2.3-0),
utils"	"spatstat.utils (>= 2.2-0)"	NA	""	NA	"GPL (>= 2)"	NA	NA	NA	NA	"yes"	"4.1.2"
"spatstat.core"	"spatstat.core"	"C:/Users/Ludecan/R/win-library/4.1"	"2.3-2"	NA	"R (>= 3.5.0), spatstat.data (>= 2.1-0), spatstat.geom (>=
2.3-0), stats, graphics, grDevices, utils, methods, nlme, rpart"	"spatstat.utils (>= 2.2-0), spatstat.sparse (>= 2.0-0), mgcv,
Matrix, abind, tensor, goftest (>= 1.2-2)"	NA	"sm, maptools (>= 0.9-9), gsl, locfit, spatial, RandomFields
(>= 3.1.24.1), RandomFieldsUtils(>= 0.3.3.1), fftwtools (>=
0.9-8), nleqslv, spatstat.linnet (>= 2.0-0), spatstat (>=
2.0-0)"	NA	"GPL (>= 2)"	NA	NA	NA	NA	"yes"	"4.1.2"
"spatstat.data"	"spatstat.data"	"C:/Users/Ludecan/R/win-library/4.1"	"2.1-2"	NA	"R (>= 3.5.0)"	"spatstat.utils (>= 2.1-0), Matrix"	NA	"spatstat.geom, spatstat.core, spatstat.linnet"	NA	"GPL (>= 2)"	NA	NA	NA	NA	"no"	"4.1.2"
"spatstat.geom"	"spatstat.geom"	"C:/Users/Ludecan/R/win-library/4.1"	"2.3-1"	NA	"R (>= 3.5.0), spatstat.data (>= 2.0-0), stats, graphics,
grDevices, utils, methods"	"spatstat.utils (>= 2.2-0), deldir (>= 1.0-2), polyclip (>=
1.10-0)"	NA	"spatstat.core, spatstat.linnet, maptools (>= 0.9-9), spatial,
fftwtools (>= 0.9-8), spatstat (>= 2.0-0)"	NA	"GPL (>= 2)"	NA	NA	NA	NA	"yes"	"4.1.2"
"spatstat.linnet"	"spatstat.linnet"	"C:/Users/Ludecan/R/win-library/4.1"	"2.3-1"	NA	"R (>= 3.5.0), spatstat.data (>= 2.1-0), spatstat.geom (>=
2.3-0), spatstat.core (>= 2.3-0), stats, graphics, grDevices,
methods, utils"	"spatstat.utils (>= 2.2-0), Matrix, spatstat.sparse (>= 2.0)"	NA	"goftest, locfit, spatstat (>= 2.0-0)"	NA	"GPL (>= 2)"	NA	NA	NA	NA	"yes"	"4.1.2"
"spatstat.sparse"	"spatstat.sparse"	"C:/Users/Ludecan/R/win-library/4.1"	"2.1-0"	NA	"R (>= 3.5.0), stats, utils, methods, Matrix, abind, tensor"	"spatstat.utils (>= 2.1-0)"	NA	NA	NA	"GPL (>= 2)"	NA	NA	NA	NA	"yes"	"4.1.2"
"spatstat.utils"	"spatstat.utils"	"C:/Users/Ludecan/R/win-library/4.1"	"2.3-0"	NA	"R (>= 3.3.0), stats, graphics, grDevices, utils, methods"	NA	NA	"spatstat.core"	NA	"GPL (>= 2)"	NA	NA	NA	NA	"yes"	"4.1.2"
"splancs"	"splancs"	"C:/Users/Ludecan/R/win-library/4.1"	"2.01-42"	NA	"R (>= 2.10.0), sp (>= 0.9)"	"stats, graphics, grDevices, methods"	NA	NA	NA	"GPL (>= 2)"	NA	NA	NA	NA	"yes"	"4.1.2"
"SQUAREM"	"SQUAREM"	"C:/Users/Ludecan/R/win-library/4.1"	"2021.1"	NA	"R (>= 3.0)"	NA	NA	"setRNG"	NA	"GPL (>= 2)"	NA	NA	NA	NA	"no"	"4.1.1"
"StanHeaders"	"StanHeaders"	"C:/Users/Ludecan/R/win-library/4.1"	"2.21.0-7"	NA	"R (>= 3.4.0)"	"RcppParallel (>= 5.0.1)"	"RcppEigen, RcppParallel (>= 5.0.1)"	"Rcpp, BH, knitr (>= 1.15.1), rmarkdown, Matrix, methods,
rstan"	NA	"BSD_3_clause + file LICENSE"	NA	NA	NA	NA	"yes"	"4.1.2"
"stringi"	"stringi"	"C:/Users/Ludecan/R/win-library/4.1"	"1.7.6"	NA	"R (>= 3.1)"	"tools, utils, stats"	NA	NA	NA	"file LICENSE"	"yes"	NA	NA	NA	"yes"	"4.1.2"
"stringr"	"stringr"	"C:/Users/Ludecan/R/win-library/4.1"	"1.4.0"	NA	"R (>= 3.1)"	"glue (>= 1.2.0), magrittr, stringi (>= 1.1.7)"	NA	"covr, htmltools, htmlwidgets, knitr, rmarkdown, testthat"	NA	"GPL-2 | file LICENSE"	NA	NA	NA	NA	"no"	"4.1.2"
"svglite"	"svglite"	"C:/Users/Ludecan/R/win-library/4.1"	"2.0.0"	NA	"R (>= 3.0.0)"	"systemfonts (>= 1.0.0)"	"cpp11, systemfonts"	"htmltools, testthat, xml2 (>= 1.0.0), covr, fontquiver (>=
0.2.0), knitr, rmarkdown"	NA	"GPL (>= 2)"	NA	NA	NA	NA	"yes"	"4.1.2"
"sys"	"sys"	"C:/Users/Ludecan/R/win-library/4.1"	"3.4"	NA	NA	NA	NA	"unix (>= 1.4), spelling, testthat"	NA	"MIT + file LICENSE"	NA	NA	NA	NA	"yes"	"4.1.2"
"systemfonts"	"systemfonts"	"C:/Users/Ludecan/R/win-library/4.1"	"1.0.3"	NA	"R (>= 3.2.0)"	NA	"cpp11 (>= 0.2.1)"	"testthat (>= 2.1.0), covr, knitr, rmarkdown, tools"	NA	"MIT + file LICENSE"	NA	NA	NA	NA	"yes"	"4.1.2"
"taxize"	"taxize"	"C:/Users/Ludecan/R/win-library/4.1"	"0.9.99"	NA	"R(>= 3.2.1)"	"graphics, methods, stats, utils, crul (>= 0.7.0), xml2 (>=
1.2.0), jsonlite, foreach, ape, zoo, data.table, tibble (>=
1.2), bold (>= 0.8.6), rredlist, rotl (>= 3.0.0), ritis (>=
0.7.6), worrms (>= 0.4.0), natserv (>= 1.0.0), wikitaxa (>=
0.3.0), R6, crayon, cli, phangorn, conditionz"	NA	"testthat, vegan, vcr"	NA	"MIT + file LICENSE"	NA	NA	NA	NA	"no"	"4.1.2"
"tensor"	"tensor"	"C:/Users/Ludecan/R/win-library/4.1"	"1.5"	NA	NA	NA	NA	NA	NA	"GPL (>= 2)"	NA	NA	NA	NA	NA	"4.1.1"
"terra"	"terra"	"C:/Users/Ludecan/R/win-library/4.1"	"1.4-22"	NA	"R (>= 3.5.0)"	"methods, Rcpp"	"Rcpp"	"parallel, tinytest, ncdf4, sf (>= 0.9-8), deldir, XML, raster"	NA	"GPL (>= 3)"	NA	NA	NA	NA	"yes"	"4.1.2"
"testthat"	"testthat"	"C:/Users/Ludecan/R/win-library/4.1"	"3.1.1"	NA	"R (>= 3.1)"	"brio, callr (>= 3.5.1), cli (>= 2.2.0), crayon (>= 1.3.4),
desc, digest, ellipsis (>= 0.2.0), evaluate, jsonlite,
lifecycle, magrittr, methods, pkgload, praise, processx, ps (>=
1.3.4), R6 (>= 2.2.0), rlang (>= 0.4.9), utils, waldo (>=
0.2.4), withr (>= 2.3.0)"	NA	"covr, curl (>= 0.9.5), diffviewer (>= 0.1.0), knitr, mockery,
rmarkdown, rstudioapi, shiny, usethis, vctrs (>= 0.1.0), xml2"	NA	"MIT + file LICENSE"	NA	NA	NA	NA	"yes"	"4.1.2"
"TH.data"	"TH.data"	"C:/Users/Ludecan/R/win-library/4.1"	"1.1-0"	NA	"R (>= 3.5.0), survival, MASS"	NA	NA	"dplyr, gdata, plyr, trtf, tram, rms, coin, ATR, multcomp,
gridExtra, vcd, colorspace, lattice, knitr"	NA	"GPL-3"	NA	NA	NA	NA	"no"	"4.1.2"
"tibble"	"tibble"	"C:/Users/Ludecan/R/win-library/4.1"	"3.1.6"	NA	"R (>= 3.1.0)"	"ellipsis (>= 0.3.2), fansi (>= 0.4.0), lifecycle (>= 1.0.0),
magrittr, methods, pillar (>= 1.6.2), pkgconfig, rlang (>=
0.4.3), utils, vctrs (>= 0.3.8)"	NA	"bench, bit64, blob, brio, callr, cli, covr, crayon (>=
1.3.4), DiagrammeR, dplyr, evaluate, formattable, ggplot2, hms,
htmltools, knitr, lubridate, mockr, nycflights13, pkgbuild,
pkgload, purrr, rmarkdown, stringi, testthat (>= 3.0.2), tidyr,
withr"	NA	"MIT + file LICENSE"	NA	NA	NA	NA	"yes"	"4.1.2"
"tidyr"	"tidyr"	"C:/Users/Ludecan/R/win-library/4.1"	"1.1.4"	NA	"R (>= 3.1)"	"dplyr (>= 0.8.2), ellipsis (>= 0.1.0), glue, lifecycle,
magrittr, purrr, rlang, tibble (>= 2.1.1), tidyselect (>=
1.1.0), utils, vctrs (>= 0.3.6)"	"cpp11 (>= 0.2.6)"	"covr, data.table, jsonlite, knitr, readr, repurrrsive (>=
1.0.0), rmarkdown, testthat (>= 3.0.0)"	NA	"MIT + file LICENSE"	NA	NA	NA	NA	"yes"	"4.1.2"
"tidyselect"	"tidyselect"	"C:/Users/Ludecan/R/win-library/4.1"	"1.1.1"	NA	"R (>= 3.2)"	"ellipsis, glue (>= 1.3.0), purrr (>= 0.3.2), rlang (>= 0.4.6),
vctrs (>= 0.3.0)"	NA	"covr, crayon, dplyr, knitr, magrittr, rmarkdown, testthat (>=
2.3.0), tibble (>= 2.1.3), withr"	NA	"MIT + file LICENSE"	NA	NA	NA	NA	"yes"	"4.1.2"
"timeDate"	"timeDate"	"C:/Users/Ludecan/R/win-library/4.1"	"3043.102"	NA	"R (>= 2.15.1), graphics, utils, stats, methods"	NA	NA	"date, RUnit"	NA	"GPL (>= 2)"	NA	NA	NA	NA	"no"	"4.1.1"
"tinytex"	"tinytex"	"C:/Users/Ludecan/R/win-library/4.1"	"0.36"	NA	NA	"xfun (>= 0.29)"	NA	"testit, rstudioapi"	NA	"MIT + file LICENSE"	NA	NA	NA	NA	"no"	"4.1.2"
"TMB"	"TMB"	"C:/Users/Ludecan/R/win-library/4.1"	"1.7.22"	NA	"R (>= 3.0.0)"	"graphics, methods, stats, utils, Matrix (>= 1.0-12)"	"Matrix, RcppEigen"	"numDeriv, parallel"	NA	"GPL-2"	NA	NA	NA	NA	"yes"	"4.1.2"
"tmvnsim"	"tmvnsim"	"C:/Users/Ludecan/R/win-library/4.1"	"1.0-2"	NA	NA	NA	NA	NA	NA	"GPL-2"	NA	NA	NA	NA	"yes"	"4.1.1"
"toOrdinal"	"toOrdinal"	"C:/Users/Ludecan/R/win-library/4.1"	"1.1-0.0"	NA	"R (>= 3.3)"	"crayon, testthat"	NA	"knitr, rmarkdown"	NA	"GPL-3"	NA	NA	NA	NA	"no"	"4.1.2"
"triebeard"	"triebeard"	"C:/Users/Ludecan/R/win-library/4.1"	"0.3.0"	NA	NA	"Rcpp"	"Rcpp"	"knitr, rmarkdown, testthat"	NA	"MIT + file LICENSE"	NA	NA	NA	NA	"yes"	"4.1.2"
"tripack"	"tripack"	"C:/Users/Ludecan/R/win-library/4.1"	"1.3-9.1"	NA	NA	NA	NA	NA	NA	"ACM | file LICENSE"	NA	"yes"	NA	NA	"yes"	"4.1.1"
"tzdb"	"tzdb"	"C:/Users/Ludecan/R/win-library/4.1"	"0.2.0"	NA	"R (>= 3.3)"	NA	"cpp11 (>= 0.4.0)"	"covr, testthat (>= 3.0.0)"	NA	"MIT + file LICENSE"	NA	NA	NA	NA	"yes"	"4.1.2"
"ucminf"	"ucminf"	"C:/Users/Ludecan/R/win-library/4.1"	"1.1-4"	NA	NA	NA	NA	"numDeriv"	NA	"GPL (>= 2)"	NA	NA	NA	NA	"yes"	"4.1.1"
"units"	"units"	"C:/Users/Ludecan/R/win-library/4.1"	"0.7-2"	NA	"R (>= 3.0.2)"	"Rcpp"	"Rcpp (>= 0.12.10)"	"udunits2, NISTunits, measurements, xml2, magrittr, pillar (>=
1.3.0), dplyr (>= 1.0.0), vctrs (>= 0.3.1), knitr, testthat (>=
3.0.0), ggforce, rmarkdown"	NA	"GPL-2"	NA	NA	NA	NA	"yes"	"4.1.2"
"unmarked"	"unmarked"	"C:/Users/Ludecan/R/win-library/4.1"	"1.1.1"	NA	"R (>= 2.12.0), methods, lattice"	"graphics, lme4, MASS, Matrix, parallel, plyr, raster, Rcpp (>=
0.8.0), stats, TMB (>= 1.7.18), utils"	"Rcpp, RcppArmadillo, TMB"	NA	NA	"GPL (>= 3)"	NA	NA	NA	NA	"yes"	"4.1.2"
"urltools"	"urltools"	"C:/Users/Ludecan/R/win-library/4.1"	"1.7.3"	NA	"R (>= 2.10)"	"Rcpp, methods, triebeard"	"Rcpp"	"testthat, knitr"	NA	"MIT + file LICENSE"	NA	NA	NA	NA	"yes"	"4.1.2"
"usethis"	"usethis"	"C:/Users/Ludecan/R/win-library/4.1"	"2.1.5"	NA	"R (>= 3.4)"	"cli (>= 3.0.1), clipr (>= 0.3.0), crayon, curl (>= 2.7), desc
(>= 1.4.0), fs (>= 1.3.0), gert (>= 1.4.1), gh (>= 1.2.1), glue
(>= 1.3.0), jsonlite, lifecycle (>= 1.0.0), purrr, rappdirs,
rlang (>= 0.4.10), rprojroot (>= 1.2), rstudioapi, stats,
utils, whisker, withr (>= 2.3.0), yaml"	NA	"covr, knitr, magick, mockr, pkgload, rmarkdown, roxygen2 (>=
7.1.2), spelling (>= 1.2), styler (>= 1.2.0), testthat (>=
3.1.0)"	NA	"MIT + file LICENSE"	NA	NA	NA	NA	"no"	"4.1.2"
"utf8"	"utf8"	"C:/Users/Ludecan/R/win-library/4.1"	"1.2.2"	NA	"R (>= 2.10)"	NA	NA	"cli, covr, knitr, rlang, rmarkdown, testthat (>= 3.0.0),
withr"	NA	"Apache License (== 2.0) | file LICENSE"	NA	NA	NA	NA	"yes"	"4.1.2"
"uuid"	"uuid"	"C:/Users/Ludecan/R/win-library/4.1"	"1.0-3"	NA	"R (>= 2.9.0)"	NA	NA	NA	NA	"MIT + file LICENSE"	NA	NA	NA	NA	"yes"	"4.1.2"
"V8"	"V8"	"C:/Users/Ludecan/R/win-library/4.1"	"4.0.0"	NA	NA	"Rcpp (>= 0.12.12), jsonlite (>= 1.0), curl (>= 1.0), utils"	"Rcpp"	"testthat, knitr, rmarkdown"	NA	"MIT + file LICENSE"	NA	NA	NA	NA	"yes"	"4.1.2"
"vctrs"	"vctrs"	"C:/Users/Ludecan/R/win-library/4.1"	"0.3.8"	NA	"R (>= 3.3)"	"ellipsis (>= 0.2.0), glue, rlang (>= 0.4.10)"	NA	"bit64, covr, crayon, dplyr (>= 0.8.5), generics, knitr,
pillar (>= 1.4.4), pkgdown, rmarkdown, testthat (>= 2.3.0),
tibble, withr, xml2, waldo (>= 0.2.0), zeallot"	NA	"MIT + file LICENSE"	NA	NA	NA	NA	"yes"	"4.1.2"
"vdiffr"	"vdiffr"	"C:/Users/Ludecan/R/win-library/4.1"	"1.0.2"	NA	"R (>= 3.2.0)"	"diffobj, glue, grDevices, htmltools, lifecycle, rlang,
testthat (>= 3.0.3), xml2 (>= 1.0.0)"	"cpp11"	"covr, ggplot2 (>= 3.2.0), roxygen2, withr"	NA	"MIT + file LICENSE"	NA	NA	NA	NA	"yes"	"4.1.2"
"VGAM"	"VGAM"	"C:/Users/Ludecan/R/win-library/4.1"	"1.1-5"	NA	"R (>= 3.5.0), methods, stats, stats4, splines"	NA	NA	"VGAMextra, MASS, mgcv"	"VGAMdata"	"GPL-3"	NA	NA	NA	NA	"yes"	"4.1.2"
"VGAMextra"	"VGAMextra"	"C:/Users/Ludecan/R/win-library/4.1"	"0.0-5"	NA	"R (>= 3.5.0), methods, stats, stats4, VGAM (>= 1.1-0)"	NA	NA	"VGAMdata"	NA	"GPL-2"	NA	NA	NA	NA	"yes"	"4.1.2"
"vipor"	"vipor"	"C:/Users/Ludecan/R/win-library/4.1"	"0.4.5"	NA	"R (>= 3.0.0)"	"stats, graphics"	NA	"testthat, beeswarm, lattice, ggplot2, beanplot, vioplot,
ggbeeswarm,"	NA	"GPL (>= 2)"	NA	NA	NA	NA	"no"	"4.1.2"
"viridis"	"viridis"	"C:/Users/Ludecan/R/win-library/4.1"	"0.6.2"	NA	"R (>= 2.10), viridisLite (>= 0.4.0)"	"stats, ggplot2 (>= 1.0.1), gridExtra"	NA	"hexbin (>= 1.27.0), scales, MASS, knitr, dichromat,
colorspace, raster, rasterVis, httr, mapproj, vdiffr, svglite
(>= 1.2.0), testthat, covr, rmarkdown, rgdal, maps"	NA	"MIT + file LICENSE"	NA	NA	NA	NA	"no"	"4.1.2"
"viridisLite"	"viridisLite"	"C:/Users/Ludecan/R/win-library/4.1"	"0.4.0"	NA	"R (>= 2.10)"	NA	NA	"hexbin (>= 1.27.0), ggplot2 (>= 1.0.1), testthat, covr"	NA	"MIT + file LICENSE"	NA	NA	NA	NA	"no"	"4.1.2"
"vroom"	"vroom"	"C:/Users/Ludecan/R/win-library/4.1"	"1.5.7"	NA	"R (>= 3.1)"	"bit64, crayon, cli, glue, hms, lifecycle, methods, rlang (>=
0.4.2), stats, tibble (>= 2.0.0), tzdb (>= 0.1.1), vctrs (>=
0.2.0), tidyselect, withr"	"progress (>= 1.2.1), cpp11 (>= 0.2.0), tzdb (>= 0.1.1)"	"archive, bench (>= 1.1.0), covr, curl, dplyr, forcats, fs,
ggplot2, knitr, patchwork, prettyunits, purrr, rmarkdown,
rstudioapi, scales, spelling, testthat (>= 2.1.0), tidyr,
utils, waldo, xml2"	NA	"MIT + file LICENSE"	NA	NA	NA	NA	"yes"	"4.1.2"
"waldo"	"waldo"	"C:/Users/Ludecan/R/win-library/4.1"	"0.3.1"	NA	NA	"cli, diffobj (>= 0.3.4), fansi, glue, methods, rematch2, rlang
(>= 0.4.10), tibble"	NA	"testthat (>= 3.0.0), covr, R6, withr, xml2"	NA	"MIT + file LICENSE"	NA	NA	NA	NA	"no"	"4.1.2"
"webshot"	"webshot"	"C:/Users/Ludecan/R/win-library/4.1"	"0.5.2"	NA	"R (>= 3.0)"	"magrittr, jsonlite, callr"	NA	"httpuv, knitr, rmarkdown, shiny"	NA	"GPL-2"	NA	NA	NA	NA	"no"	"4.1.2"
"whisker"	"whisker"	"C:/Users/Ludecan/R/win-library/4.1"	"0.4"	NA	NA	NA	NA	"markdown"	NA	"GPL-3"	NA	NA	NA	NA	"no"	"4.1.2"
"WikidataQueryServiceR"	"WikidataQueryServiceR"	"C:/Users/Ludecan/R/win-library/4.1"	"1.0.0"	NA	"R (>= 3.1.2)"	"httr (>= 1.2.1), dplyr (>= 1.0.0), jsonlite (>= 1.2),
WikipediR (>= 1.5.0), ratelimitr (>= 0.4.1), purrr (>= 0.3.4),
readr (>= 1.3.1), rex (>= 1.2.0)"	NA	"testthat (>= 2.3.0), lintr (>= 2.0.1)"	NA	"MIT + file LICENSE"	NA	NA	NA	NA	"no"	"4.1.2"
"WikidataR"	"WikidataR"	"C:/Users/Ludecan/R/win-library/4.1"	"2.3.3"	NA	"R (>= 3.5.0)"	"httr, jsonlite, WikipediR, WikidataQueryServiceR, tibble,
dplyr, stringr, Hmisc, progress, pbapply, stats, readr, crayon,
utils"	NA	"markdown, testthat, tidyverse, knitr, pageviews"	NA	"MIT + file LICENSE"	NA	NA	NA	NA	"no"	"4.1.2"
"WikipediR"	"WikipediR"	"C:/Users/Ludecan/R/win-library/4.1"	"1.5.0"	NA	NA	"httr, jsonlite"	NA	"testthat, knitr, WikidataR, pageviews"	NA	"MIT + file LICENSE"	NA	NA	NA	NA	"no"	"4.1.2"
"wikitaxa"	"wikitaxa"	"C:/Users/Ludecan/R/win-library/4.1"	"0.4.0"	NA	"R(>= 3.2.1)"	"WikidataR, data.table, curl, crul (>= 0.3.4), tibble,
jsonlite, xml2"	NA	"testthat, knitr, rmarkdown, vcr"	NA	"MIT + file LICENSE"	NA	NA	NA	NA	"no"	"4.1.2"
"withr"	"withr"	"C:/Users/Ludecan/R/win-library/4.1"	"2.4.3"	NA	"R (>= 3.2.0)"	"graphics, grDevices, stats"	NA	"callr, covr, DBI, knitr, lattice, methods, rmarkdown,
RSQLite, testthat (>= 3.0.0)"	NA	"MIT + file LICENSE"	NA	NA	NA	NA	"no"	"4.1.2"
"wk"	"wk"	"C:/Users/Ludecan/R/win-library/4.1"	"0.6.0"	NA	NA	NA	NA	"testthat (>= 3.0.0), vctrs (>= 0.3.0), sf, tibble, readr"	NA	"MIT + file LICENSE"	NA	NA	NA	NA	"yes"	"4.1.2"
"worrms"	"worrms"	"C:/Users/Ludecan/R/win-library/4.1"	"0.4.2"	NA	NA	"crul (>= 0.6.0), tibble (>= 1.2), jsonlite (>= 1.1),
data.table"	NA	"roxygen2 (>= 7.1.0), knitr, rmarkdown, testthat, vcr (>=
0.2.0)"	NA	"MIT + file LICENSE"	NA	NA	NA	NA	"no"	"4.1.2"
"xfun"	"xfun"	"C:/Users/Ludecan/R/win-library/4.1"	"0.29"	NA	NA	"stats, tools"	NA	"testit, parallel, codetools, rstudioapi, tinytex (>= 0.30),
mime, markdown, knitr, htmltools, remotes, pak, rhub, renv,
curl, jsonlite, rmarkdown"	NA	"MIT + file LICENSE"	NA	NA	NA	NA	"yes"	"4.1.2"
"XML"	"XML"	"C:/Users/Ludecan/R/win-library/4.1"	"3.99-0.8"	NA	"R (>= 4.0.0), methods, utils"	NA	NA	"bitops, RCurl"	NA	"BSD_3_clause + file LICENSE"	NA	NA	NA	NA	"yes"	"4.1.1"
"xml2"	"xml2"	"C:/Users/Ludecan/R/win-library/4.1"	"1.3.3"	NA	"R (>= 3.1.0)"	"methods"	NA	"covr, curl, httr, knitr, magrittr, mockery, rmarkdown,
testthat (>= 2.1.0)"	NA	"MIT + file LICENSE"	NA	NA	NA	NA	"yes"	"4.1.2"
"xopen"	"xopen"	"C:/Users/Ludecan/R/win-library/4.1"	"1.0.0"	NA	"R (>= 3.1)"	"processx"	NA	"ps, testthat"	NA	"MIT + file LICENSE"	NA	NA	NA	NA	"no"	"4.1.2"
"xtable"	"xtable"	"C:/Users/Ludecan/R/win-library/4.1"	"1.8-4"	NA	"R (>= 2.10.0)"	"stats, utils"	NA	"knitr, plm, zoo, survival"	NA	"GPL (>= 2)"	NA	NA	NA	NA	"no"	"4.1.2"
"xts"	"xts"	"C:/Users/Ludecan/R/win-library/4.1"	"0.12.1"	NA	"zoo (>= 1.7-12)"	"methods"	"zoo"	"timeSeries, timeDate, tseries, chron, fts, tis, RUnit"	NA	"GPL (>= 2)"	NA	NA	NA	NA	"yes"	"4.1.2"
"yaml"	"yaml"	"C:/Users/Ludecan/R/win-library/4.1"	"2.2.1"	NA	NA	NA	NA	"RUnit"	NA	"BSD_3_clause + file LICENSE"	NA	NA	NA	NA	"yes"	"4.1.1"
"zip"	"zip"	"C:/Users/Ludecan/R/win-library/4.1"	"2.2.0"	NA	NA	NA	NA	"covr, processx, R6, testthat, withr"	NA	"MIT + file LICENSE"	NA	NA	NA	NA	"yes"	"4.1.2"
"zoo"	"zoo"	"C:/Users/Ludecan/R/win-library/4.1"	"1.8-9"	NA	"R (>= 3.1.0), stats"	"utils, graphics, grDevices, lattice (>= 0.20-27)"	NA	"AER, coda, chron, fts, ggplot2 (>= 3.0.0), mondate, scales,
stinepack, strucchange, timeDate, timeSeries, tis, tseries, xts"	NA	"GPL-2 | GPL-3"	NA	NA	NA	NA	"yes"	"4.1.2"
"base"	"base"	"C:/Program Files/R/R-4.1.2/library"	"4.1.2"	"base"	NA	NA	NA	"methods"	NA	"Part of R 4.1.2"	NA	NA	NA	NA	NA	"4.1.2"
"boot"	"boot"	"C:/Program Files/R/R-4.1.2/library"	"1.3-28"	"recommended"	"R (>= 3.0.0), graphics, stats"	NA	NA	"MASS, survival"	NA	"Unlimited"	NA	NA	NA	NA	"no"	"4.1.2"
"class"	"class"	"C:/Program Files/R/R-4.1.2/library"	"7.3-19"	"recommended"	"R (>= 3.0.0), stats, utils"	"MASS"	NA	NA	NA	"GPL-2 | GPL-3"	NA	NA	NA	NA	"yes"	"4.1.2"
"cluster"	"cluster"	"C:/Program Files/R/R-4.1.2/library"	"2.1.2"	"recommended"	"R (>= 3.4.0)"	"graphics, grDevices, stats, utils"	NA	"MASS, Matrix"	NA	"GPL (>= 2)"	NA	NA	NA	NA	"yes"	"4.1.2"
"codetools"	"codetools"	"C:/Program Files/R/R-4.1.2/library"	"0.2-18"	"recommended"	"R (>= 2.1)"	NA	NA	NA	NA	"GPL"	NA	NA	NA	NA	"no"	"4.1.2"
"compiler"	"compiler"	"C:/Program Files/R/R-4.1.2/library"	"4.1.2"	"base"	NA	NA	NA	NA	NA	"Part of R 4.1.2"	NA	NA	NA	NA	NA	"4.1.2"
"datasets"	"datasets"	"C:/Program Files/R/R-4.1.2/library"	"4.1.2"	"base"	NA	NA	NA	NA	NA	"Part of R 4.1.2"	NA	NA	NA	NA	NA	"4.1.2"
"foreign"	"foreign"	"C:/Program Files/R/R-4.1.2/library"	"0.8-81"	"recommended"	"R (>= 4.0.0)"	"methods, utils, stats"	NA	NA	NA	"GPL (>= 2)"	NA	NA	NA	NA	"yes"	"4.1.2"
"graphics"	"graphics"	"C:/Program Files/R/R-4.1.2/library"	"4.1.2"	"base"	NA	"grDevices"	NA	NA	NA	"Part of R 4.1.2"	NA	NA	NA	NA	"yes"	"4.1.2"
"grDevices"	"grDevices"	"C:/Program Files/R/R-4.1.2/library"	"4.1.2"	"base"	NA	NA	NA	"KernSmooth"	NA	"Part of R 4.1.2"	NA	NA	NA	NA	"yes"	"4.1.2"
"grid"	"grid"	"C:/Program Files/R/R-4.1.2/library"	"4.1.2"	"base"	NA	"grDevices, utils"	NA	NA	NA	"Part of R 4.1.2"	NA	NA	NA	NA	"yes"	"4.1.2"
"KernSmooth"	"KernSmooth"	"C:/Program Files/R/R-4.1.2/library"	"2.23-20"	"recommended"	"R (>= 2.5.0), stats"	NA	NA	"MASS, carData"	NA	"Unlimited"	NA	NA	NA	NA	"yes"	"4.1.2"
"lattice"	"lattice"	"C:/Program Files/R/R-4.1.2/library"	"0.20-45"	"recommended"	"R (>= 3.0.0)"	"grid, grDevices, graphics, stats, utils"	NA	"KernSmooth, MASS, latticeExtra"	"chron"	"GPL (>= 2)"	NA	NA	NA	NA	"yes"	"4.1.2"
"MASS"	"MASS"	"C:/Program Files/R/R-4.1.2/library"	"7.3-54"	"recommended"	"R (>= 3.3.0), grDevices, graphics, stats, utils"	"methods"	NA	"lattice, nlme, nnet, survival"	NA	"GPL-2 | GPL-3"	NA	NA	NA	NA	"yes"	"4.1.2"
"Matrix"	"Matrix"	"C:/Program Files/R/R-4.1.2/library"	"1.3-4"	"recommended"	"R (>= 3.5.0)"	"methods, graphics, grid, stats, utils, lattice"	NA	"expm, MASS"	"MatrixModels, graph, SparseM, sfsmisc, igraph, maptools, sp,
spdep"	"GPL (>= 2) | file LICENCE"	NA	NA	NA	NA	"yes"	"4.1.2"
"methods"	"methods"	"C:/Program Files/R/R-4.1.2/library"	"4.1.2"	"base"	NA	"utils, stats"	NA	"codetools"	NA	"Part of R 4.1.2"	NA	NA	NA	NA	"yes"	"4.1.2"
"mgcv"	"mgcv"	"C:/Program Files/R/R-4.1.2/library"	"1.8-38"	"recommended"	"R (>= 3.6.0), nlme (>= 3.1-64)"	"methods, stats, graphics, Matrix, splines, utils"	NA	"parallel, survival, MASS"	NA	"GPL (>= 2)"	NA	NA	NA	NA	"yes"	"4.1.2"
"nlme"	"nlme"	"C:/Program Files/R/R-4.1.2/library"	"3.1-153"	"recommended"	"R (>= 3.4.0)"	"graphics, stats, utils, lattice"	NA	"Hmisc, MASS"	NA	"GPL (>= 2) | file LICENCE"	NA	NA	NA	NA	"yes"	"4.1.2"
"nnet"	"nnet"	"C:/Program Files/R/R-4.1.2/library"	"7.3-16"	"recommended"	"R (>= 3.0.0), stats, utils"	NA	NA	"MASS"	NA	"GPL-2 | GPL-3"	NA	NA	NA	NA	"yes"	"4.1.2"
"parallel"	"parallel"	"C:/Program Files/R/R-4.1.2/library"	"4.1.2"	"base"	NA	"tools, compiler"	NA	"methods"	"snow, nws, Rmpi"	"Part of R 4.1.2"	NA	NA	NA	NA	"yes"	"4.1.2"
"rpart"	"rpart"	"C:/Program Files/R/R-4.1.2/library"	"4.1-15"	"recommended"	"R (>= 2.15.0), graphics, stats, grDevices"	NA	NA	"survival"	NA	"GPL-2 | GPL-3"	NA	NA	NA	NA	"yes"	"4.1.2"
"spatial"	"spatial"	"C:/Program Files/R/R-4.1.2/library"	"7.3-14"	"recommended"	"R (>= 3.0.0), graphics, stats, utils"	NA	NA	"MASS"	NA	"GPL-2 | GPL-3"	NA	NA	NA	NA	"yes"	"4.1.2"
"splines"	"splines"	"C:/Program Files/R/R-4.1.2/library"	"4.1.2"	"base"	NA	"graphics, stats"	NA	"Matrix, methods"	NA	"Part of R 4.1.2"	NA	NA	NA	NA	"yes"	"4.1.2"
"stats"	"stats"	"C:/Program Files/R/R-4.1.2/library"	"4.1.2"	"base"	NA	"utils, grDevices, graphics"	NA	"MASS, Matrix, SuppDists, methods, stats4"	NA	"Part of R 4.1.2"	NA	NA	NA	NA	"yes"	"4.1.2"
"stats4"	"stats4"	"C:/Program Files/R/R-4.1.2/library"	"4.1.2"	"base"	NA	"graphics, methods, stats"	NA	NA	NA	"Part of R 4.1.2"	NA	NA	NA	NA	NA	"4.1.2"
"survival"	"survival"	"C:/Program Files/R/R-4.1.2/library"	"3.2-13"	"recommended"	"R (>= 3.5.0)"	"graphics, Matrix, methods, splines, stats, utils"	NA	NA	NA	"LGPL (>= 2)"	NA	NA	NA	NA	"yes"	"4.1.2"
"tcltk"	"tcltk"	"C:/Program Files/R/R-4.1.2/library"	"4.1.2"	"base"	NA	"utils"	NA	NA	NA	"Part of R 4.1.2"	NA	NA	NA	NA	"yes"	"4.1.2"
"tools"	"tools"	"C:/Program Files/R/R-4.1.2/library"	"4.1.2"	"base"	NA	NA	NA	"codetools, methods, xml2, curl, commonmark"	NA	"Part of R 4.1.2"	NA	NA	NA	NA	"yes"	"4.1.2"
"translations"	"translations"	"C:/Program Files/R/R-4.1.2/library"	"4.1.2"	NA	NA	NA	NA	NA	NA	"Part of R 4.1.2"	NA	NA	NA	NA	NA	"4.1.2"
"utils"	"utils"	"C:/Program Files/R/R-4.1.2/library"	"4.1.2"	"base"	NA	NA	NA	"methods, xml2, commonmark"	NA	"Part of R 4.1.2"	NA	NA	NA	NA	"yes"	"4.1.2"
